{
  "_comment" : "Created with OWL2VOWL (version 0.2.0), http://vowl.visualdataweb.org",
  "namespace" : [ ],
  "header" : {
    "languages" : [ "de", "IRI-based", "zh-hans", "undefined", "fr", "en", "es" ],
    "title" : {
      "undefined" : "Ontology Visualization Benchmark (OntoViBe)"
    },
    "iri" : "http://ontovibe.visualdataweb.org",
    "version" : "2.0",
    "author" : [ "Florian Haag", "Steffen Lohmann" ],
    "description" : {
      "undefined" : "OntoViBe is a benchmark for testing ontology visualizations. It incorporates a comprehensive set of OWL 2 language constructs and systematic combinations thereof."
    },
    "rdfsLabel" : [ "Ontology Visualization Benchmark (OntoViBe)" ],
    "other" : {
      "priorVersion" : [ {
        "identifier" : "priorVersion",
        "language" : "undefined",
        "value" : "http://ontovibe.visualdataweb.org/1.0",
        "type" : "iri"
      } ],
      "incompatibleWith" : [ {
        "identifier" : "incompatibleWith",
        "language" : "undefined",
        "value" : "http://ontovibe.visualdataweb.org/minimal",
        "type" : "iri"
      } ],
      "contributor" : [ {
        "identifier" : "contributor",
        "language" : "undefined",
        "value" : "Stefan Negru",
        "type" : "label"
      } ],
      "rights" : [ {
        "identifier" : "rights",
        "language" : "undefined",
        "value" : "http://creativecommons.org/licenses/by/4.0/",
        "type" : "iri"
      } ],
      "backwardCompatibleWith" : [ {
        "identifier" : "backwardCompatibleWith",
        "language" : "undefined",
        "value" : "http://ontovibe.visualdataweb.org/1.0",
        "type" : "iri"
      } ],
      "date" : [ {
        "identifier" : "date",
        "language" : "undefined",
        "value" : "2015-01-16",
        "type" : "label"
      } ],
      "comment" : [ {
        "identifier" : "comment",
        "language" : "undefined",
        "value" : "OntoViBe is a benchmark for testing ontology visualizations. It incorporates a comprehensive set of OWL 2 language constructs and systematic combinations thereof.",
        "type" : "label"
      } ]
    }
  },
  "metrics" : {
    "classCount" : 40,
    "datatypeCount" : 13,
    "objectPropertyCount" : 23,
    "datatypePropertyCount" : 13,
    "propertyCount" : 36,
    "nodeCount" : 53,
    "axiomCount" : 216,
    "individualCount" : 8
  },
  "class" : [ {
    "id" : "class198",
    "type" : "owl:Class"
  }, {
    "id" : "class203",
    "type" : "owl:Class"
  }, {
    "id" : "class218",
    "type" : "owl:Class"
  }, {
    "id" : "class214",
    "type" : "owl:equivalentClass"
  }, {
    "id" : "class195",
    "type" : "owl:equivalentClass"
  }, {
    "id" : "class216",
    "type" : "owl:Class"
  }, {
    "id" : "class197",
    "type" : "owl:equivalentClass"
  }, {
    "id" : "class225",
    "type" : "owl:Class"
  }, {
    "id" : "class207",
    "type" : "owl:Class"
  }, {
    "id" : "class222",
    "type" : "owl:Class"
  }, {
    "id" : "class210",
    "type" : "owl:unionOf"
  }, {
    "id" : "class229",
    "type" : "owl:complementOf"
  }, {
    "id" : "class221",
    "type" : "owl:equivalentClass"
  }, {
    "id" : "class193",
    "type" : "owl:Class"
  }, {
    "id" : "class206",
    "type" : "owl:complementOf"
  }, {
    "id" : "class209",
    "type" : "owl:intersectionOf"
  }, {
    "id" : "class192",
    "type" : "owl:Class"
  }, {
    "id" : "class226",
    "type" : "owl:Class"
  }, {
    "id" : "class213",
    "type" : "owl:unionOf"
  }, {
    "id" : "class199",
    "type" : "owl:equivalentClass"
  }, {
    "id" : "class227",
    "type" : "owl:Class"
  }, {
    "id" : "class228",
    "type" : "owl:equivalentClass"
  }, {
    "id" : "class217",
    "type" : "owl:Class"
  }, {
    "id" : "class205",
    "type" : "owl:intersectionOf"
  }, {
    "id" : "class219",
    "type" : "owl:Class"
  }, {
    "id" : "class215",
    "type" : "owl:equivalentClass"
  }, {
    "id" : "class204",
    "type" : "owl:unionOf"
  }, {
    "id" : "class191",
    "type" : "owl:equivalentClass"
  }, {
    "id" : "class194",
    "type" : "owl:Class"
  }, {
    "id" : "class200",
    "type" : "owl:Class"
  }, {
    "id" : "class212",
    "type" : "externalclass"
  }, {
    "id" : "class211",
    "type" : "owl:equivalentClass"
  }, {
    "id" : "class224",
    "type" : "owl:unionOf"
  }, {
    "id" : "class220",
    "type" : "owl:unionOf"
  }, {
    "id" : "class223",
    "type" : "owl:Class"
  }, {
    "id" : "class202",
    "type" : "owl:Class"
  }, {
    "id" : "class208",
    "type" : "owl:equivalentClass"
  }, {
    "id" : "class201",
    "type" : "owl:equivalentClass"
  }, {
    "id" : "class196",
    "type" : "owl:intersectionOf"
  }, {
    "id" : "class231",
    "type" : "owl:intersectionOf"
  }, {
    "id" : "thing28",
    "type" : "owl:Thing"
  }, {
    "id" : "thing29",
    "type" : "owl:Thing"
  }, {
    "id" : "thing27",
    "type" : "owl:Thing"
  }, {
    "id" : "class230",
    "type" : "owl:unionOf"
  } ],
  "classAttribute" : [ {
    "id" : "class198",
    "label" : {
      "IRI-based" : "MultiPropertyOwner",
      "undefined" : "multi-property owner"
    },
    "iri" : "http://ontovibe.visualdataweb.org#MultiPropertyOwner",
    "comment" : {
      "undefined" : "This is a comment without a language-tag on a class that also has a label."
    },
    "instances" : 0
  }, {
    "id" : "class203",
    "label" : {
      "IRI-based" : "FunctionalAnchor"
    },
    "iri" : "http://ontovibe.visualdataweb.org#FunctionalAnchor",
    "instances" : 0
  }, {
    "id" : "class218",
    "label" : {
      "IRI-based" : "DisjointClass",
      "de" : "disjunkte Klasse",
      "en" : "disjoint class"
    },
    "iri" : "http://ontovibe.visualdataweb.org#DisjointClass",
    "subClasses" : [ "class194", "class214" ],
    "instances" : 0
  }, {
    "id" : "class214",
    "label" : {
      "IRI-based" : "Subclass"
    },
    "iri" : "http://ontovibe.visualdataweb.org#Subclass",
    "attributes" : [ "equivalent" ],
    "superClasses" : [ "class218" ],
    "instances" : 0,
    "equivalent" : [ "class215", "class201" ]
  }, {
    "id" : "class195",
    "label" : {
      "IRI-based" : "EquivalentImportedClassInLargeGroup"
    },
    "iri" : "http://ontovibe.visualdataweb.org/imported#EquivalentImportedClassInLargeGroup",
    "attributes" : [ "external", "equivalent" ],
    "instances" : 0
  }, {
    "id" : "class216",
    "label" : {
      "IRI-based" : "PropertyOwnerType"
    },
    "iri" : "http://ontovibe.visualdataweb.org#PropertyOwnerType",
    "instances" : 0
  }, {
    "id" : "class197",
    "label" : {
      "IRI-based" : "EquivalentToPropertyOwner"
    },
    "iri" : "http://ontovibe.visualdataweb.org#EquivalentToPropertyOwner",
    "attributes" : [ "equivalent" ],
    "instances" : 0,
    "equivalent" : [ "class225" ]
  }, {
    "id" : "class225",
    "label" : {
      "IRI-based" : "PropertyOwner"
    },
    "iri" : "http://ontovibe.visualdataweb.org#PropertyOwner",
    "attributes" : [ "equivalent" ],
    "instances" : 0
  }, {
    "id" : "class207",
    "label" : {
      "IRI-based" : "Class1"
    },
    "iri" : "http://ontovibe.visualdataweb.org#Class1",
    "instances" : 1,
    "individuals" : [ {
      "iri" : "http://ontovibe.visualdataweb.org#Class1Individual",
      "labels" : {
        "IRI-based" : "Class1Individual"
      },
      "annotations" : { }
    } ]
  }, {
    "id" : "class222",
    "label" : {
      "IRI-based" : "DivisibleByTwoEnumeration"
    },
    "iri" : "http://ontovibe.visualdataweb.org#DivisibleByTwoEnumeration",
    "instances" : 0
  }, {
    "id" : "class210",
    "label" : {
      "IRI-based" : "DisjointUnionClass"
    },
    "iri" : "http://ontovibe.visualdataweb.org#DisjointUnionClass",
    "instances" : 0,
    "union" : [ "class207", "class204" ]
  }, {
    "id" : "class229",
    "label" : {
      "IRI-based" : "ComplementClass"
    },
    "iri" : "http://ontovibe.visualdataweb.org#ComplementClass",
    "attributes" : [ "equivalent" ],
    "instances" : 0,
    "complement" : [ "class207" ]
  }, {
    "id" : "class221",
    "label" : {
      "IRI-based" : "LargeEnumerationClass"
    },
    "iri" : "http://ontovibe.visualdataweb.org#LargeEnumerationClass",
    "attributes" : [ "equivalent" ],
    "instances" : 0
  }, {
    "id" : "class193",
    "label" : {
      "IRI-based" : "PlainClass"
    },
    "iri" : "http://ontovibe.visualdataweb.org#PlainClass",
    "instances" : 0
  }, {
    "id" : "class206",
    "label" : {
      "IRI-based" : "ComplementDatatype"
    },
    "iri" : "http://ontovibe.visualdataweb.org#ComplementDatatype",
    "attributes" : [ "equivalent" ],
    "instances" : 0,
    "complement" : [ "class222" ]
  }, {
    "id" : "class209",
    "label" : {
      "IRI-based" : "LargeIntersectionClass"
    },
    "iri" : "http://ontovibe.visualdataweb.org#LargeIntersectionClass",
    "attributes" : [ "equivalent" ],
    "instances" : 0,
    "intersection" : [ "class225", "class204", "class223" ]
  }, {
    "id" : "class192",
    "label" : {
      "IRI-based" : "AnonymousClassAnchor"
    },
    "iri" : "http://ontovibe.visualdataweb.org#AnonymousClassAnchor",
    "instances" : 0
  }, {
    "id" : "class226",
    "label" : {
      "IRI-based" : "DeprecatedClass"
    },
    "iri" : "http://ontovibe.visualdataweb.org#DeprecatedClass",
    "attributes" : [ "deprecated" ],
    "instances" : 1,
    "individuals" : [ {
      "iri" : "http://ontovibe.visualdataweb.org#AnotherIndividual",
      "labels" : {
        "IRI-based" : "AnotherIndividual"
      },
      "annotations" : {
        "description" : [ {
          "identifier" : "description",
          "language" : "en",
          "value" : "This is an English description on an individual that also has a comment.",
          "type" : "label"
        } ],
        "comment" : [ {
          "identifier" : "comment",
          "language" : "en",
          "value" : "This is an English comment on an individual that also has a description.",
          "type" : "label"
        } ]
      }
    } ]
  }, {
    "id" : "class213",
    "label" : {
      "IRI-based" : "LargeDisjointUnionClass"
    },
    "iri" : "http://ontovibe.visualdataweb.org#LargeDisjointUnionClass",
    "instances" : 0,
    "union" : [ "class212", "class205", "class229" ]
  }, {
    "id" : "class199",
    "label" : {
      "IRI-based" : "EnumerationClass"
    },
    "iri" : "http://ontovibe.visualdataweb.org#EnumerationClass",
    "attributes" : [ "equivalent" ],
    "instances" : 0
  }, {
    "id" : "class227",
    "label" : {
      "IRI-based" : "HasSelfClass"
    },
    "iri" : "http://ontovibe.visualdataweb.org#HasSelfClass",
    "instances" : 0
  }, {
    "id" : "class228",
    "label" : {
      "IRI-based" : "EquivalentClassInLargeGroup"
    },
    "iri" : "http://ontovibe.visualdataweb.org#EquivalentClassInLargeGroup",
    "attributes" : [ "equivalent" ],
    "instances" : 0,
    "equivalent" : [ "class195", "class191" ]
  }, {
    "id" : "class217",
    "label" : {
      "IRI-based" : "HasValueClass"
    },
    "iri" : "http://ontovibe.visualdataweb.org#HasValueClass",
    "instances" : 0
  }, {
    "id" : "class205",
    "label" : {
      "IRI-based" : "IntersectionClass"
    },
    "iri" : "http://ontovibe.visualdataweb.org#IntersectionClass",
    "attributes" : [ "equivalent" ],
    "instances" : 0,
    "intersection" : [ "class207", "class226" ]
  }, {
    "id" : "class219",
    "label" : {
      "IRI-based" : "DivisibleByFiveEnumeration"
    },
    "iri" : "http://ontovibe.visualdataweb.org#DivisibleByFiveEnumeration",
    "instances" : 0
  }, {
    "id" : "class215",
    "label" : {
      "IRI-based" : "AlsoEquivalentToSubclass"
    },
    "iri" : "http://ontovibe.visualdataweb.org#AlsoEquivalentToSubclass",
    "attributes" : [ "equivalent" ],
    "instances" : 0,
    "equivalent" : [ "class214", "class201" ]
  }, {
    "id" : "class204",
    "label" : {
      "IRI-based" : "UnionClass"
    },
    "iri" : "http://ontovibe.visualdataweb.org#UnionClass",
    "comment" : {
      "en" : "This is an English comment on a class expression."
    },
    "attributes" : [ "equivalent" ],
    "instances" : 0,
    "union" : [ "class207", "class226" ]
  }, {
    "id" : "class191",
    "label" : {
      "IRI-based" : "EquivalentDeprecatedClassInLargeGroup"
    },
    "iri" : "http://ontovibe.visualdataweb.org#EquivalentDeprecatedClassInLargeGroup",
    "attributes" : [ "deprecated", "equivalent" ],
    "instances" : 0,
    "equivalent" : [ "class195", "class228" ]
  }, {
    "id" : "class194",
    "label" : {
      "IRI-based" : "MultiSubclass"
    },
    "iri" : "http://ontovibe.visualdataweb.org#MultiSubclass",
    "comment" : {
      "en" : "This is an English comment on a class that also has a description."
    },
    "superClasses" : [ "class218", "class212" ],
    "annotations" : {
      "description" : [ {
        "identifier" : "description",
        "language" : "en",
        "value" : "This is an English description on a class that also has a comment.",
        "type" : "label"
      } ]
    },
    "instances" : 4,
    "individuals" : [ {
      "iri" : "http://ontovibe.visualdataweb.org#MultiSubclassIndividual3",
      "labels" : {
        "IRI-based" : "MultiSubclassIndividual3"
      },
      "annotations" : {
        "description" : [ {
          "identifier" : "description",
          "language" : "undefined",
          "value" : "This is a description without a language on an individual.",
          "type" : "label"
        } ]
      }
    }, {
      "iri" : "http://ontovibe.visualdataweb.org#MultiSubclassIndividual1",
      "labels" : {
        "IRI-based" : "MultiSubclassIndividual1"
      },
      "annotations" : {
        "comment" : [ {
          "identifier" : "comment",
          "language" : "en",
          "value" : "This ia an English comment on an individual.",
          "type" : "label"
        } ]
      }
    }, {
      "iri" : "http://ontovibe.visualdataweb.org#SameAsMultiSubclassIndividual2",
      "labels" : {
        "IRI-based" : "SameAsMultiSubclassIndividual2"
      },
      "annotations" : { }
    }, {
      "iri" : "http://ontovibe.visualdataweb.org#MultiSubclassIndividual2",
      "labels" : {
        "IRI-based" : "MultiSubclassIndividual2"
      },
      "annotations" : { }
    } ]
  }, {
    "id" : "class200",
    "label" : {
      "IRI-based" : "AllValuesFromClass"
    },
    "iri" : "http://ontovibe.visualdataweb.org#AllValuesFromClass",
    "instances" : 0
  }, {
    "id" : "class212",
    "label" : {
      "IRI-based" : "DeprecatedImportedClass"
    },
    "iri" : "http://ontovibe.visualdataweb.org/imported#DeprecatedImportedClass",
    "attributes" : [ "deprecated", "external" ],
    "subClasses" : [ "class194" ],
    "instances" : 0
  }, {
    "id" : "class211",
    "label" : {
      "IRI-based" : "EquivalentToDeprecatedClass"
    },
    "iri" : "http://ontovibe.visualdataweb.org#EquivalentToDeprecatedClass",
    "attributes" : [ "equivalent" ],
    "instances" : 0,
    "equivalent" : [ "class208" ]
  }, {
    "id" : "class224",
    "label" : {
      "IRI-based" : "LargeUnionClass"
    },
    "iri" : "http://ontovibe.visualdataweb.org#LargeUnionClass",
    "attributes" : [ "equivalent" ],
    "instances" : 0,
    "union" : [ "class225", "class204", "class223" ]
  }, {
    "id" : "class220",
    "label" : {
      "IRI-based" : "UnionDatatype"
    },
    "iri" : "http://ontovibe.visualdataweb.org#UnionDatatype",
    "attributes" : [ "equivalent" ],
    "instances" : 0,
    "union" : [ "class219", "class222" ]
  }, {
    "id" : "class223",
    "label" : {
      "IRI-based" : "ImportedClass"
    },
    "iri" : "http://ontovibe.visualdataweb.org/imported#ImportedClass",
    "attributes" : [ "external" ],
    "instances" : 0
  }, {
    "id" : "class202",
    "label" : {
      "IRI-based" : "SomeValuesFromClass"
    },
    "iri" : "http://ontovibe.visualdataweb.org#SomeValuesFromClass",
    "instances" : 0
  }, {
    "id" : "class208",
    "label" : {
      "IRI-based" : "EquivalentDeprecatedClass"
    },
    "iri" : "http://ontovibe.visualdataweb.org#EquivalentDeprecatedClass",
    "attributes" : [ "deprecated", "equivalent" ],
    "annotations" : {
      "description" : [ {
        "identifier" : "description",
        "language" : "en",
        "value" : "This is an English description in a class that is part of an equivalent class group.",
        "type" : "label"
      } ]
    },
    "instances" : 0,
    "equivalent" : [ "class211" ]
  }, {
    "id" : "class201",
    "label" : {
      "IRI-based" : "EquivalentToSubclass"
    },
    "iri" : "http://ontovibe.visualdataweb.org#EquivalentToSubclass",
    "attributes" : [ "equivalent" ],
    "instances" : 0,
    "equivalent" : [ "class215", "class214" ]
  }, {
    "id" : "class196",
    "label" : {
      "IRI-based" : "IntersectionDatatype"
    },
    "iri" : "http://ontovibe.visualdataweb.org#IntersectionDatatype",
    "attributes" : [ "equivalent" ],
    "instances" : 0,
    "intersection" : [ "class219", "class222" ]
  }, {
    "id" : "class231",
    "label" : {
      "IRI-based" : "anonymous"
    },
    "instances" : 0,
    "intersection" : [ "class207", "class226" ]
  }, {
    "id" : "thing28",
    "label" : {
      "undefined" : "Thing"
    },
    "iri" : "http://www.w3.org/2002/07/owl#Thing",
    "instances" : 0
  }, {
    "id" : "thing29",
    "label" : {
      "undefined" : "Thing"
    },
    "iri" : "http://www.w3.org/2002/07/owl#Thing",
    "instances" : 0
  }, {
    "id" : "thing27",
    "label" : {
      "undefined" : "Thing"
    },
    "iri" : "http://www.w3.org/2002/07/owl#Thing",
    "instances" : 0
  }, {
    "id" : "class230",
    "label" : {
      "IRI-based" : "anonymous"
    },
    "instances" : 0,
    "union" : [ "class207", "class226" ]
  } ],
  "datatype" : [ {
    "id" : "datatype144",
    "type" : "rdfs:Datatype"
  }, {
    "id" : "datatype143",
    "type" : "rdfs:Datatype"
  }, {
    "id" : "datatype142",
    "type" : "rdfs:Datatype"
  }, {
    "id" : "datatype138",
    "type" : "rdfs:Datatype"
  }, {
    "id" : "datatype141",
    "type" : "rdfs:Datatype"
  }, {
    "id" : "datatype140",
    "type" : "rdfs:Datatype"
  }, {
    "id" : "literal150",
    "type" : "rdfs:Literal"
  }, {
    "id" : "literal139",
    "type" : "rdfs:Literal"
  }, {
    "id" : "literal145",
    "type" : "rdfs:Literal"
  }, {
    "id" : "datatype149",
    "type" : "rdfs:Datatype"
  }, {
    "id" : "datatype147",
    "type" : "rdfs:Datatype"
  }, {
    "id" : "literal146",
    "type" : "rdfs:Literal"
  }, {
    "id" : "datatype148",
    "type" : "rdfs:Datatype"
  } ],
  "datatypeAttribute" : [ {
    "id" : "datatype144",
    "label" : {
      "IRI-based" : "IntersectionDatatype"
    },
    "iri" : "http://ontovibe.visualdataweb.org#IntersectionDatatype"
  }, {
    "id" : "datatype143",
    "label" : {
      "IRI-based" : "DivisibleByThreeEnumeration"
    },
    "iri" : "http://ontovibe.visualdataweb.org/imported#DivisibleByThreeEnumeration"
  }, {
    "id" : "datatype142",
    "label" : {
      "IRI-based" : "UnionDatatype"
    },
    "iri" : "http://ontovibe.visualdataweb.org#UnionDatatype"
  }, {
    "id" : "datatype138",
    "label" : {
      "IRI-based" : "integer"
    },
    "iri" : "http://www.w3.org/2001/XMLSchema#integer"
  }, {
    "id" : "datatype141",
    "label" : {
      "IRI-based" : "DivisibleByFiveEnumeration"
    },
    "iri" : "http://ontovibe.visualdataweb.org#DivisibleByFiveEnumeration"
  }, {
    "id" : "datatype140",
    "label" : {
      "IRI-based" : "real"
    },
    "iri" : "http://www.w3.org/2002/07/owl#real"
  }, {
    "id" : "literal150",
    "label" : {
      "IRI-based" : "Literal"
    },
    "iri" : "http://www.w3.org/2000/01/rdf-schema#Literal"
  }, {
    "id" : "literal139",
    "label" : {
      "IRI-based" : "Literal"
    },
    "iri" : "http://www.w3.org/2000/01/rdf-schema#Literal"
  }, {
    "id" : "literal145",
    "label" : {
      "IRI-based" : "Literal"
    },
    "iri" : "http://www.w3.org/2000/01/rdf-schema#Literal"
  }, {
    "id" : "datatype149",
    "label" : {
      "IRI-based" : "date"
    },
    "iri" : "http://www.w3.org/2001/XMLSchema#date"
  }, {
    "id" : "datatype147",
    "label" : {
      "IRI-based" : "rational"
    },
    "iri" : "http://www.w3.org/2002/07/owl#rational"
  }, {
    "id" : "literal146",
    "label" : {
      "IRI-based" : "Literal"
    },
    "iri" : "http://www.w3.org/2000/01/rdf-schema#Literal"
  }, {
    "id" : "datatype148",
    "label" : {
      "IRI-based" : "hexBinary"
    },
    "iri" : "http://www.w3.org/2001/XMLSchema#hexBinary"
  } ],
  "property" : [ {
    "id" : "property1012",
    "type" : "owl:objectProperty"
  }, {
    "id" : "property1007",
    "type" : "owl:objectProperty"
  }, {
    "id" : "property1010",
    "type" : "owl:objectProperty"
  }, {
    "id" : "property1009",
    "type" : "owl:objectProperty"
  }, {
    "id" : "property1000",
    "type" : "owl:objectProperty"
  }, {
    "id" : "property1003",
    "type" : "owl:objectProperty"
  }, {
    "id" : "property988",
    "type" : "rdfs:SubClassOf"
  }, {
    "id" : "property1006",
    "type" : "owl:objectProperty"
  }, {
    "id" : "property995",
    "type" : "owl:objectProperty"
  }, {
    "id" : "property1014",
    "type" : "owl:objectProperty"
  }, {
    "id" : "property986",
    "type" : "owl:disjointWith"
  }, {
    "id" : "property987",
    "type" : "owl:disjointWith"
  }, {
    "id" : "property999",
    "type" : "owl:objectProperty"
  }, {
    "id" : "property1018",
    "type" : "owl:datatypeProperty"
  }, {
    "id" : "property1016",
    "type" : "owl:datatypeProperty"
  }, {
    "id" : "property1017",
    "type" : "owl:datatypeProperty"
  }, {
    "id" : "property985",
    "type" : "owl:disjointWith"
  }, {
    "id" : "property1023",
    "type" : "owl:datatypeProperty"
  }, {
    "id" : "property976",
    "type" : "rdfs:SubClassOf"
  }, {
    "id" : "property997",
    "type" : "owl:objectProperty"
  }, {
    "id" : "property1022",
    "type" : "owl:datatypeProperty"
  }, {
    "id" : "property975",
    "type" : "owl:disjointWith"
  }, {
    "id" : "property1027",
    "type" : "owl:datatypeProperty"
  }, {
    "id" : "property974",
    "type" : "owl:disjointWith"
  }, {
    "id" : "property1026",
    "type" : "owl:datatypeProperty"
  }, {
    "id" : "property1013",
    "type" : "owl:objectProperty"
  }, {
    "id" : "property979",
    "type" : "rdf:Property"
  }, {
    "id" : "property978",
    "type" : "owl:disjointWith"
  }, {
    "id" : "property977",
    "type" : "rdfs:SubClassOf"
  }, {
    "id" : "property994",
    "type" : "owl:objectProperty"
  }, {
    "id" : "property1015",
    "type" : "owl:datatypeProperty"
  }, {
    "id" : "property1008",
    "type" : "owl:objectProperty"
  }, {
    "id" : "property998",
    "type" : "owl:objectProperty"
  }, {
    "id" : "property993",
    "type" : "owl:objectProperty"
  }, {
    "id" : "property996",
    "type" : "owl:objectProperty"
  }, {
    "id" : "property1001",
    "type" : "owl:objectProperty"
  }, {
    "id" : "property1025",
    "type" : "owl:datatypeProperty"
  }, {
    "id" : "property1020",
    "type" : "owl:datatypeProperty"
  }, {
    "id" : "property1024",
    "type" : "owl:datatypeProperty"
  }, {
    "id" : "property1021",
    "type" : "owl:datatypeProperty"
  }, {
    "id" : "property1004",
    "type" : "owl:objectProperty"
  }, {
    "id" : "property992",
    "type" : "owl:objectProperty"
  }, {
    "id" : "property1019",
    "type" : "owl:datatypeProperty"
  }, {
    "id" : "property983",
    "type" : "owl:disjointWith"
  }, {
    "id" : "property980",
    "type" : "rdf:Property"
  }, {
    "id" : "property1005",
    "type" : "owl:objectProperty"
  }, {
    "id" : "property981",
    "type" : "owl:disjointWith"
  }, {
    "id" : "property1002",
    "type" : "owl:objectProperty"
  } ],
  "propertyAttribute" : [ {
    "id" : "property1012",
    "label" : {
      "IRI-based" : "cyclicProperty1"
    },
    "iri" : "http://ontovibe.visualdataweb.org#cyclicProperty1",
    "domain" : "class198",
    "range" : "class198"
  }, {
    "id" : "property1007",
    "label" : {
      "IRI-based" : "cyclicProperty2"
    },
    "iri" : "http://ontovibe.visualdataweb.org#cyclicProperty2",
    "comment" : {
      "en" : "This is an English comment on a property that also has a non-English description."
    },
    "annotations" : {
      "description" : [ {
        "identifier" : "description",
        "language" : "de",
        "value" : "Dies ist eine deutsche Beschreibung einer Eigenschaft, die auch einen nicht in Deutsch verfassten Kommentar enthält.",
        "type" : "label"
      } ]
    },
    "domain" : "class198",
    "range" : "class198"
  }, {
    "id" : "property1010",
    "label" : {
      "IRI-based" : "cyclicProperty3"
    },
    "iri" : "http://ontovibe.visualdataweb.org#cyclicProperty3",
    "domain" : "class198",
    "range" : "class198"
  }, {
    "id" : "property1009",
    "label" : {
      "IRI-based" : "untypedClassToClassProperty"
    },
    "iri" : "http://ontovibe.visualdataweb.org#untypedClassToClassProperty",
    "domain" : "thing28",
    "range" : "class225"
  }, {
    "id" : "property1000",
    "label" : {
      "IRI-based" : "dummyProperty"
    },
    "iri" : "http://ontovibe.visualdataweb.org#dummyProperty",
    "domain" : "class225",
    "range" : "class218",
    "equivalent" : [ "property1013" ],
    "minCardinality" : 3,
    "maxCardinality" : 15
  }, {
    "id" : "property1003",
    "label" : {
      "IRI-based" : "classToClassProperty"
    },
    "iri" : "http://ontovibe.visualdataweb.org#classToClassProperty",
    "annotations" : {
      "description" : [ {
        "identifier" : "description",
        "language" : "en",
        "value" : "This is an English description of a property with descriptions in several languages.",
        "type" : "label"
      }, {
        "identifier" : "description",
        "language" : "es",
        "value" : "Esto es una descripción en español de una propiedad con descripciones en varias lenguas.",
        "type" : "label"
      } ]
    },
    "domain" : "class225",
    "range" : "class207",
    "cardinality" : 3
  }, {
    "id" : "property988",
    "label" : {
      "IRI-based" : "Subclass Of"
    },
    "domain" : "class194",
    "range" : "class212"
  }, {
    "id" : "property1006",
    "label" : {
      "IRI-based" : "subproperty"
    },
    "iri" : "http://ontovibe.visualdataweb.org#subproperty",
    "domain" : "thing29",
    "range" : "thing29",
    "superproperty" : [ "property1005" ]
  }, {
    "id" : "property995",
    "label" : {
      "IRI-based" : "functionalProperty"
    },
    "iri" : "http://ontovibe.visualdataweb.org#functionalProperty",
    "attributes" : [ "functional" ],
    "domain" : "class225",
    "range" : "class203",
    "disjoint" : [ "property992" ]
  }, {
    "id" : "property1014",
    "label" : {
      "IRI-based" : "classToClassProperty2"
    },
    "iri" : "http://ontovibe.visualdataweb.org#classToClassProperty2",
    "domain" : "class225",
    "range" : "class198"
  }, {
    "id" : "property986",
    "label" : {
      "IRI-based" : "Disjoint With"
    },
    "domain" : "class205",
    "range" : "class229"
  }, {
    "id" : "property987",
    "label" : {
      "IRI-based" : "Disjoint With"
    },
    "domain" : "class229",
    "range" : "class212"
  }, {
    "id" : "property999",
    "label" : {
      "IRI-based" : "classToClassProperty1"
    },
    "iri" : "http://ontovibe.visualdataweb.org#classToClassProperty1",
    "domain" : "class225",
    "range" : "class198"
  }, {
    "id" : "property1018",
    "label" : {
      "IRI-based" : "customTypeDatatypeProperty"
    },
    "iri" : "http://ontovibe.visualdataweb.org#customTypeDatatypeProperty",
    "domain" : "class225",
    "range" : "datatype141",
    "cardinality" : 2
  }, {
    "id" : "property1016",
    "label" : {
      "IRI-based" : "anotherEquivalentDataProperty"
    },
    "iri" : "http://ontovibe.visualdataweb.org#anotherEquivalentDataProperty",
    "domain" : "thing29",
    "range" : "literal139",
    "equivalent" : [ "property1022", "property1017" ]
  }, {
    "id" : "property1017",
    "label" : {
      "IRI-based" : "realProperty"
    },
    "iri" : "http://ontovibe.visualdataweb.org#realProperty",
    "domain" : "class225",
    "range" : "datatype140",
    "equivalent" : [ "property1022", "property1016" ],
    "disjoint" : [ "property1026", "property1024" ]
  }, {
    "id" : "property985",
    "label" : {
      "IRI-based" : "Disjoint With"
    },
    "domain" : "class212",
    "range" : "class205"
  }, {
    "id" : "property1023",
    "label" : {
      "IRI-based" : "complementTypeDatatypeProperty",
      "undefined" : "complement-type datatype property"
    },
    "iri" : "http://ontovibe.visualdataweb.org#complementTypeDatatypeProperty",
    "domain" : "thing29",
    "range" : "literal146"
  }, {
    "id" : "property976",
    "label" : {
      "IRI-based" : "Subclass Of"
    },
    "domain" : "class194",
    "range" : "class218"
  }, {
    "id" : "property997",
    "label" : {
      "IRI-based" : "inverseFunctionalProperty"
    },
    "iri" : "http://ontovibe.visualdataweb.org#inverseFunctionalProperty",
    "attributes" : [ "inverse functional" ],
    "domain" : "class203",
    "range" : "class225",
    "inverse" : "property1002"
  }, {
    "id" : "property1022",
    "label" : {
      "IRI-based" : "equivalentDataProperty"
    },
    "iri" : "http://ontovibe.visualdataweb.org#equivalentDataProperty",
    "domain" : "thing29",
    "range" : "literal145",
    "equivalent" : [ "property1016", "property1017" ]
  }, {
    "id" : "property975",
    "label" : {
      "IRI-based" : "Disjoint With"
    },
    "domain" : "class224",
    "range" : "class198"
  }, {
    "id" : "property1027",
    "label" : {
      "IRI-based" : "untypedDatatypeProperty"
    },
    "iri" : "http://ontovibe.visualdataweb.org#untypedDatatypeProperty",
    "domain" : "class225",
    "range" : "literal150"
  }, {
    "id" : "property974",
    "label" : {
      "IRI-based" : "Disjoint With"
    },
    "domain" : "class207",
    "range" : "class198"
  }, {
    "id" : "property1026",
    "label" : {
      "IRI-based" : "deprecatedDatatypeProperty"
    },
    "iri" : "http://ontovibe.visualdataweb.org#deprecatedDatatypeProperty",
    "attributes" : [ "deprecated" ],
    "domain" : "class225",
    "range" : "datatype149",
    "disjoint" : [ "property1024", "property1017" ]
  }, {
    "id" : "property1013",
    "label" : {
      "IRI-based" : "equivalentObjectProperty"
    },
    "iri" : "http://ontovibe.visualdataweb.org#equivalentObjectProperty",
    "domain" : "thing29",
    "range" : "thing29",
    "equivalent" : [ "property1000" ]
  }, {
    "id" : "property979",
    "label" : {
      "IRI-based" : "type"
    },
    "iri" : "http://www.w3.org/1999/02/22-rdf-syntax-ns#type",
    "domain" : "class216",
    "range" : "class225"
  }, {
    "id" : "property978",
    "label" : {
      "IRI-based" : "Disjoint With"
    },
    "domain" : "class224",
    "range" : "class218"
  }, {
    "id" : "property977",
    "label" : {
      "IRI-based" : "Subclass Of"
    },
    "domain" : "class214",
    "range" : "class218"
  }, {
    "id" : "property994",
    "label" : {
      "IRI-based" : "anonymousIntersectionClassProperty"
    },
    "iri" : "http://ontovibe.visualdataweb.org#anonymousIntersectionClassProperty",
    "domain" : "class192",
    "range" : "class231"
  }, {
    "id" : "property1015",
    "label" : {
      "IRI-based" : "standardTypeDatatypeProperty"
    },
    "iri" : "http://ontovibe.visualdataweb.org#standardTypeDatatypeProperty",
    "domain" : "class225",
    "range" : "datatype138"
  }, {
    "id" : "property1008",
    "label" : {
      "IRI-based" : "anonymousComplementClassProperty"
    },
    "iri" : "http://ontovibe.visualdataweb.org#anonymousComplementClassProperty",
    "domain" : "class192",
    "range" : "class229"
  }, {
    "id" : "property998",
    "label" : {
      "IRI-based" : "anonymousEnumerationClassProperty"
    },
    "iri" : "http://ontovibe.visualdataweb.org#anonymousEnumerationClassProperty",
    "domain" : "class192",
    "range" : "thing27"
  }, {
    "id" : "property993",
    "label" : {
      "IRI-based" : "anonymousUnionClassProperty"
    },
    "iri" : "http://ontovibe.visualdataweb.org#anonymousUnionClassProperty",
    "domain" : "class192",
    "range" : "class230"
  }, {
    "id" : "property996",
    "label" : {
      "IRI-based" : "oppositeDummyProperty"
    },
    "iri" : "http://ontovibe.visualdataweb.org#oppositeDummyProperty",
    "domain" : "class218",
    "range" : "class225"
  }, {
    "id" : "property1001",
    "label" : {
      "IRI-based" : "classToUntypedClassProperty"
    },
    "iri" : "http://ontovibe.visualdataweb.org#classToUntypedClassProperty",
    "attributes" : [ "symmetric" ],
    "domain" : "class225",
    "range" : "thing28"
  }, {
    "id" : "property1025",
    "label" : {
      "IRI-based" : "functionalDatatypeProperty"
    },
    "iri" : "http://ontovibe.visualdataweb.org#functionalDatatypeProperty",
    "attributes" : [ "functional" ],
    "domain" : "class203",
    "range" : "datatype148"
  }, {
    "id" : "property1020",
    "label" : {
      "IRI-based" : "importedTypeDatatypeProperty",
      "zh-hans" : "一种导入类型的数据类型性质",
      "fr" : "propriété d'un type de données importé",
      "en" : "imported type datatype property"
    },
    "iri" : "http://ontovibe.visualdataweb.org#importedTypeDatatypeProperty",
    "domain" : "class225",
    "range" : "datatype143"
  }, {
    "id" : "property1024",
    "label" : {
      "IRI-based" : "rationalProperty"
    },
    "iri" : "http://ontovibe.visualdataweb.org#rationalProperty",
    "domain" : "class225",
    "range" : "datatype147",
    "disjoint" : [ "property1026", "property1017" ]
  }, {
    "id" : "property1021",
    "label" : {
      "IRI-based" : "intersectionTypeDatatypeProperty"
    },
    "iri" : "http://ontovibe.visualdataweb.org#intersectionTypeDatatypeProperty",
    "domain" : "class225",
    "range" : "datatype144"
  }, {
    "id" : "property1004",
    "label" : {
      "IRI-based" : "cyclicProperty"
    },
    "iri" : "http://ontovibe.visualdataweb.org#cyclicProperty",
    "domain" : "class225",
    "range" : "class225"
  }, {
    "id" : "property992",
    "label" : {
      "IRI-based" : "disjointProperty"
    },
    "iri" : "http://ontovibe.visualdataweb.org#disjointProperty",
    "domain" : "class225",
    "range" : "class203",
    "disjoint" : [ "property995" ]
  }, {
    "id" : "property1019",
    "label" : {
      "IRI-based" : "unionTypeDatatypeProperty"
    },
    "iri" : "http://ontovibe.visualdataweb.org#unionTypeDatatypeProperty",
    "comment" : {
      "en" : "This is an English comment on a property."
    },
    "domain" : "class225",
    "range" : "datatype142"
  }, {
    "id" : "property983",
    "label" : {
      "IRI-based" : "Disjoint With"
    },
    "domain" : "class207",
    "range" : "class204"
  }, {
    "id" : "property980",
    "label" : {
      "IRI-based" : "type"
    },
    "iri" : "http://www.w3.org/1999/02/22-rdf-syntax-ns#type",
    "domain" : "class216",
    "range" : "class198"
  }, {
    "id" : "property1005",
    "label" : {
      "IRI-based" : "deprecatedObjectProperty"
    },
    "iri" : "http://ontovibe.visualdataweb.org#deprecatedObjectProperty",
    "attributes" : [ "deprecated" ],
    "domain" : "class225",
    "range" : "thing28",
    "subproperty" : [ "property1006" ]
  }, {
    "id" : "property981",
    "label" : {
      "IRI-based" : "Disjoint With"
    },
    "domain" : "class224",
    "range" : "class207"
  }, {
    "id" : "property1002",
    "label" : {
      "IRI-based" : "functionalPropertyAsInverse"
    },
    "iri" : "http://ontovibe.visualdataweb.org#functionalPropertyAsInverse",
    "attributes" : [ "functional" ],
    "domain" : "class225",
    "range" : "class203",
    "inverse" : "property997"
  } ]
}