{
  "_comment" : "Created with OWL2VOWL (version 0.2.0), http://vowl.visualdataweb.org",
  "namespace" : [ ],
  "header" : {
    "languages" : [ "IRI-based", "en" ],
    "title" : {
      "en" : "SIOC (Semantically-Interlinked Online Communities) Core Ontology"
    },	
    "iri" : "http://rdfs.org/sioc/ns#",
    "version" : "1.35",
    "author" : [ "Uldis Bojars", "John G. Breslin" ],	
    "description" : {
      "en" : "SIOC (Semantically-Interlinked Online Communities) is an ontology for describing the information in online communities. This information can be used to export information from online communities and to link them together. The scope of the application areas that SIOC can be used for includes (and is not limited to) weblogs, message boards, mailing lists and chat channels."
    },	
    "seeAlso" : [ "http://rdfs.org/sioc/spec" ]
  },
  "metrics" : {
    "classCount" : 17,
    "datatypeCount" : 25,
    "objectPropertyCount" : 61,
    "datatypePropertyCount" : 25,
    "propertyCount" : 86,
    "nodeCount" : 42,
    "axiomCount" : 582,
    "individualCount" : 1
  },
  "class" : [ {
    "id" : "class170",
    "type" : "owl:Class"
  }, {
    "id" : "class171",
    "type" : "externalclass"
  }, {
    "id" : "class174",
    "type" : "externalclass"
  }, {
    "id" : "class184",
    "type" : "owl:equivalentClass"
  }, {
    "id" : "class177",
    "type" : "owl:Class"
  }, {
    "id" : "class183",
    "type" : "owl:Class"
  }, {
    "id" : "class175",
    "type" : "externalclass"
  }, {
    "id" : "class169",
    "type" : "owl:Class"
  }, {
    "id" : "class176",
    "type" : "owl:Class"
  }, {
    "id" : "class172",
    "type" : "externalclass"
  }, {
    "id" : "class173",
    "type" : "owl:equivalentClass"
  }, {
    "id" : "class179",
    "type" : "owl:Class"
  }, {
    "id" : "class181",
    "type" : "owl:Class"
  }, {
    "id" : "class182",
    "type" : "owl:Class"
  }, {
    "id" : "class178",
    "type" : "owl:Class"
  }, {
    "id" : "class180",
    "type" : "owl:Class"
  }, {
    "id" : "thing21",
    "type" : "owl:Thing"
  }, {
    "id" : "thing23",
    "type" : "owl:Thing"
  }, {
    "id" : "thing22",
    "type" : "owl:Thing"
  }, {
    "id" : "thing24",
    "type" : "owl:Thing"
  }, {
    "id" : "thing25",
    "type" : "owl:Thing"
  }, {
    "id" : "thing26",
    "type" : "owl:Thing"
  } ],
  "classAttribute" : [ {
    "id" : "class170",
    "label" : {
      "IRI-based" : "Site",
      "en" : "Site"
    },
    "iri" : "http://rdfs.org/sioc/ns#Site",
    "comment" : {
      "en" : "A Site can be the location of an online community or set of communities, with UserAccounts and Usergroups creating Items in a set of Containers. It can be thought of as a web-accessible data Space."
    },
    "isDefinedBy" : "http://rdfs.org/sioc/ns#",
    "superClasses" : [ "class176" ],
    "instances" : 0
  }, {
    "id" : "class171",
    "label" : {
      "IRI-based" : "Agent"
    },
    "iri" : "http://xmlns.com/foaf/0.1/Agent",
    "attributes" : [ "external" ],
    "instances" : 0
  }, {
    "id" : "class174",
    "label" : {
      "IRI-based" : "OnlineAccount"
    },
    "iri" : "http://xmlns.com/foaf/0.1/OnlineAccount",
    "attributes" : [ "external" ],
    "subClasses" : [ "class173", "class184" ],
    "instances" : 0
  }, {
    "id" : "class184",
    "label" : {
      "IRI-based" : "UserAccount",
      "en" : "User Account"
    },
    "iri" : "http://rdfs.org/sioc/ns#UserAccount",
    "comment" : {
      "en" : "A user account in an online community site."
    },
    "isDefinedBy" : "http://rdfs.org/sioc/ns#",
    "attributes" : [ "equivalent" ],
    "superClasses" : [ "class174" ],
    "instances" : 0,
    "equivalent" : [ "class173" ]
  }, {
    "id" : "class177",
    "label" : {
      "IRI-based" : "Community",
      "en" : "Community"
    },
    "iri" : "http://rdfs.org/sioc/ns#Community",
    "comment" : {
      "en" : "Community is a high-level concept that defines an online community and what it consists of."
    },
    "isDefinedBy" : "http://rdfs.org/sioc/ns#",
    "instances" : 0
  }, {
    "id" : "class183",
    "label" : {
      "IRI-based" : "Role",
      "en" : "Role"
    },
    "iri" : "http://rdfs.org/sioc/ns#Role",
    "comment" : {
      "en" : "A Role is a function of a UserAccount within a scope of a particular Forum, Site, etc."
    },
    "isDefinedBy" : "http://rdfs.org/sioc/ns#",
    "instances" : 0
  }, {
    "id" : "class175",
    "label" : {
      "IRI-based" : "Document"
    },
    "iri" : "http://xmlns.com/foaf/0.1/Document",
    "attributes" : [ "external" ],
    "subClasses" : [ "class178" ],
    "instances" : 0
  }, {
    "id" : "class169",
    "label" : {
      "IRI-based" : "Thread",
      "en" : "Thread"
    },
    "iri" : "http://rdfs.org/sioc/ns#Thread",
    "comment" : {
      "en" : "A container for a series of threaded discussion Posts or Items."
    },
    "isDefinedBy" : "http://rdfs.org/sioc/ns#",
    "superClasses" : [ "class182" ],
    "instances" : 0
  }, {
    "id" : "class176",
    "label" : {
      "IRI-based" : "Space",
      "en" : "Space"
    },
    "iri" : "http://rdfs.org/sioc/ns#Space",
    "comment" : {
      "en" : "A Space is a place where data resides, e.g. on a website, desktop, fileshare, etc."
    },
    "isDefinedBy" : "http://rdfs.org/sioc/ns#",
    "subClasses" : [ "class170" ],
    "instances" : 0
  }, {
    "id" : "class172",
    "label" : {
      "IRI-based" : "Graph"
    },
    "iri" : "http://www.w3.org/2004/03/trix/rdfg-1/Graph",
    "attributes" : [ "external" ],
    "instances" : 0
  }, {
    "id" : "class173",
    "label" : {
      "IRI-based" : "User",
      "en" : "User"
    },
    "iri" : "http://rdfs.org/sioc/ns#User",
    "comment" : {
      "en" : "UserAccount is now preferred. This is a deprecated class for a User in an online community site."
    },
    "isDefinedBy" : "http://rdfs.org/sioc/ns#",
    "owlVersion" : "This class is deprecated. Use sioc:UserAccount from the SIOC ontology instead.",
    "attributes" : [ "deprecated", "equivalent" ],
    "superClasses" : [ "class174" ],
    "instances" : 0,
    "equivalent" : [ "class184" ]
  }, {
    "id" : "class179",
    "label" : {
      "IRI-based" : "Item",
      "en" : "Item"
    },
    "iri" : "http://rdfs.org/sioc/ns#Item",
    "comment" : {
      "en" : "An Item is something which can be in a Container."
    },
    "isDefinedBy" : "http://rdfs.org/sioc/ns#",
    "subClasses" : [ "class178" ],
    "instances" : 0
  }, {
    "id" : "class181",
    "label" : {
      "IRI-based" : "Usergroup",
      "en" : "Usergroup"
    },
    "iri" : "http://rdfs.org/sioc/ns#Usergroup",
    "comment" : {
      "en" : "A set of UserAccounts whose owners have a common purpose or interest. Can be used for access control purposes."
    },
    "isDefinedBy" : "http://rdfs.org/sioc/ns#",
    "instances" : 0
  }, {
    "id" : "class182",
    "label" : {
      "IRI-based" : "Container",
      "en" : "Container"
    },
    "iri" : "http://rdfs.org/sioc/ns#Container",
    "comment" : {
      "en" : "An area in which content Items are contained."
    },
    "isDefinedBy" : "http://rdfs.org/sioc/ns#",
    "subClasses" : [ "class180", "class169" ],
    "instances" : 0
  }, {
    "id" : "class178",
    "label" : {
      "IRI-based" : "Post",
      "en" : "Post"
    },
    "iri" : "http://rdfs.org/sioc/ns#Post",
    "comment" : {
      "en" : "An article or message that can be posted to a Forum."
    },
    "isDefinedBy" : "http://rdfs.org/sioc/ns#",
    "superClasses" : [ "class179", "class175" ],
    "instances" : 0
  }, {
    "id" : "class180",
    "label" : {
      "IRI-based" : "Forum",
      "en" : "Forum"
    },
    "iri" : "http://rdfs.org/sioc/ns#Forum",
    "comment" : {
      "en" : "A discussion area on which Posts or entries are made."
    },
    "isDefinedBy" : "http://rdfs.org/sioc/ns#",
    "superClasses" : [ "class182" ],
    "instances" : 0
  }, {
    "id" : "thing21",
    "label" : {
      "undefined" : "Thing"
    },
    "iri" : "http://www.w3.org/2002/07/owl#Thing",
    "instances" : 0
  }, {
    "id" : "thing23",
    "label" : {
      "undefined" : "Thing"
    },
    "iri" : "http://www.w3.org/2002/07/owl#Thing",
    "instances" : 0
  }, {
    "id" : "thing22",
    "label" : {
      "undefined" : "Thing"
    },
    "iri" : "http://www.w3.org/2002/07/owl#Thing",
    "instances" : 0
  }, {
    "id" : "thing24",
    "label" : {
      "undefined" : "Thing"
    },
    "iri" : "http://www.w3.org/2002/07/owl#Thing",
    "instances" : 0
  }, {
    "id" : "thing25",
    "label" : {
      "undefined" : "Thing"
    },
    "iri" : "http://www.w3.org/2002/07/owl#Thing",
    "instances" : 0
  }, {
    "id" : "thing26",
    "label" : {
      "undefined" : "Thing"
    },
    "iri" : "http://www.w3.org/2002/07/owl#Thing",
    "instances" : 0
  } ],
  "datatype" : [ {
    "id" : "literal118",
    "type" : "rdfs:Literal"
  }, {
    "id" : "literal117",
    "type" : "rdfs:Literal"
  }, {
    "id" : "literal119",
    "type" : "rdfs:Literal"
  }, {
    "id" : "literal114",
    "type" : "rdfs:Literal"
  }, {
    "id" : "literal132",
    "type" : "rdfs:Literal"
  }, {
    "id" : "literal113",
    "type" : "rdfs:Literal"
  }, {
    "id" : "literal116",
    "type" : "rdfs:Literal"
  }, {
    "id" : "literal134",
    "type" : "rdfs:Literal"
  }, {
    "id" : "literal136",
    "type" : "rdfs:Literal"
  }, {
    "id" : "literal135",
    "type" : "rdfs:Literal"
  }, {
    "id" : "datatype115",
    "type" : "rdfs:Datatype"
  }, {
    "id" : "datatype137",
    "type" : "rdfs:Datatype"
  }, {
    "id" : "literal129",
    "type" : "rdfs:Literal"
  }, {
    "id" : "literal128",
    "type" : "rdfs:Literal"
  }, {
    "id" : "literal127",
    "type" : "rdfs:Literal"
  }, {
    "id" : "literal126",
    "type" : "rdfs:Literal"
  }, {
    "id" : "literal125",
    "type" : "rdfs:Literal"
  }, {
    "id" : "literal124",
    "type" : "rdfs:Literal"
  }, {
    "id" : "datatype133",
    "type" : "rdfs:Datatype"
  }, {
    "id" : "literal123",
    "type" : "rdfs:Literal"
  }, {
    "id" : "datatype130",
    "type" : "rdfs:Datatype"
  }, {
    "id" : "literal122",
    "type" : "rdfs:Literal"
  }, {
    "id" : "datatype131",
    "type" : "rdfs:Datatype"
  }, {
    "id" : "literal121",
    "type" : "rdfs:Literal"
  }, {
    "id" : "literal120",
    "type" : "rdfs:Literal"
  } ],
  "datatypeAttribute" : [ {
    "id" : "literal118",
    "label" : {
      "IRI-based" : "Literal"
    },
    "iri" : "http://www.w3.org/2000/01/rdf-schema#Literal"
  }, {
    "id" : "literal117",
    "label" : {
      "IRI-based" : "Literal"
    },
    "iri" : "http://www.w3.org/2000/01/rdf-schema#Literal"
  }, {
    "id" : "literal119",
    "label" : {
      "IRI-based" : "Literal"
    },
    "iri" : "http://www.w3.org/2000/01/rdf-schema#Literal"
  }, {
    "id" : "literal114",
    "label" : {
      "IRI-based" : "Literal"
    },
    "iri" : "http://www.w3.org/2000/01/rdf-schema#Literal"
  }, {
    "id" : "literal132",
    "label" : {
      "IRI-based" : "Literal"
    },
    "iri" : "http://www.w3.org/2000/01/rdf-schema#Literal"
  }, {
    "id" : "literal113",
    "label" : {
      "IRI-based" : "Literal"
    },
    "iri" : "http://www.w3.org/2000/01/rdf-schema#Literal"
  }, {
    "id" : "literal116",
    "label" : {
      "IRI-based" : "Literal"
    },
    "iri" : "http://www.w3.org/2000/01/rdf-schema#Literal"
  }, {
    "id" : "literal134",
    "label" : {
      "IRI-based" : "Literal"
    },
    "iri" : "http://www.w3.org/2000/01/rdf-schema#Literal"
  }, {
    "id" : "literal136",
    "label" : {
      "IRI-based" : "Literal"
    },
    "iri" : "http://www.w3.org/2000/01/rdf-schema#Literal"
  }, {
    "id" : "literal135",
    "label" : {
      "IRI-based" : "Literal"
    },
    "iri" : "http://www.w3.org/2000/01/rdf-schema#Literal"
  }, {
    "id" : "datatype115",
    "label" : {
      "IRI-based" : "nonNegativeInteger"
    },
    "iri" : "http://www.w3.org/2001/XMLSchema#nonNegativeInteger"
  }, {
    "id" : "datatype137",
    "label" : {
      "IRI-based" : "nonNegativeInteger"
    },
    "iri" : "http://www.w3.org/2001/XMLSchema#nonNegativeInteger"
  }, {
    "id" : "literal129",
    "label" : {
      "IRI-based" : "Literal"
    },
    "iri" : "http://www.w3.org/2000/01/rdf-schema#Literal"
  }, {
    "id" : "literal128",
    "label" : {
      "IRI-based" : "Literal"
    },
    "iri" : "http://www.w3.org/2000/01/rdf-schema#Literal"
  }, {
    "id" : "literal127",
    "label" : {
      "IRI-based" : "Literal"
    },
    "iri" : "http://www.w3.org/2000/01/rdf-schema#Literal"
  }, {
    "id" : "literal126",
    "label" : {
      "IRI-based" : "Literal"
    },
    "iri" : "http://www.w3.org/2000/01/rdf-schema#Literal"
  }, {
    "id" : "literal125",
    "label" : {
      "IRI-based" : "Literal"
    },
    "iri" : "http://www.w3.org/2000/01/rdf-schema#Literal"
  }, {
    "id" : "literal124",
    "label" : {
      "IRI-based" : "Literal"
    },
    "iri" : "http://www.w3.org/2000/01/rdf-schema#Literal"
  }, {
    "id" : "datatype133",
    "label" : {
      "IRI-based" : "nonNegativeInteger"
    },
    "iri" : "http://www.w3.org/2001/XMLSchema#nonNegativeInteger"
  }, {
    "id" : "literal123",
    "label" : {
      "IRI-based" : "Literal"
    },
    "iri" : "http://www.w3.org/2000/01/rdf-schema#Literal"
  }, {
    "id" : "datatype130",
    "label" : {
      "IRI-based" : "nonNegativeInteger"
    },
    "iri" : "http://www.w3.org/2001/XMLSchema#nonNegativeInteger"
  }, {
    "id" : "literal122",
    "label" : {
      "IRI-based" : "Literal"
    },
    "iri" : "http://www.w3.org/2000/01/rdf-schema#Literal"
  }, {
    "id" : "datatype131",
    "label" : {
      "IRI-based" : "nonNegativeInteger"
    },
    "iri" : "http://www.w3.org/2001/XMLSchema#nonNegativeInteger"
  }, {
    "id" : "literal121",
    "label" : {
      "IRI-based" : "Literal"
    },
    "iri" : "http://www.w3.org/2000/01/rdf-schema#Literal"
  }, {
    "id" : "literal120",
    "label" : {
      "IRI-based" : "Literal"
    },
    "iri" : "http://www.w3.org/2000/01/rdf-schema#Literal"
  } ],
  "property" : [ {
    "id" : "property840",
    "type" : "owl:disjointWith"
  }, {
    "id" : "property910",
    "type" : "owl:objectProperty"
  }, {
    "id" : "property936",
    "type" : "owl:objectProperty"
  }, {
    "id" : "property918",
    "type" : "owl:objectProperty"
  }, {
    "id" : "property939",
    "type" : "owl:objectProperty"
  }, {
    "id" : "property914",
    "type" : "owl:objectProperty"
  }, {
    "id" : "property973",
    "type" : "owl:datatypeProperty"
  }, {
    "id" : "property958",
    "type" : "owl:datatypeProperty"
  }, {
    "id" : "property927",
    "type" : "owl:objectProperty"
  }, {
    "id" : "property903",
    "type" : "owl:objectProperty"
  }, {
    "id" : "property895",
    "type" : "owl:objectProperty"
  }, {
    "id" : "property838",
    "type" : "rdfs:SubClassOf"
  }, {
    "id" : "property971",
    "type" : "owl:datatypeProperty"
  }, {
    "id" : "property839",
    "type" : "owl:disjointWith"
  }, {
    "id" : "property837",
    "type" : "rdfs:SubClassOf"
  }, {
    "id" : "property937",
    "type" : "owl:objectProperty"
  }, {
    "id" : "property908",
    "type" : "owl:objectProperty"
  }, {
    "id" : "property952",
    "type" : "owl:datatypeProperty"
  }, {
    "id" : "property955",
    "type" : "owl:datatypeProperty"
  }, {
    "id" : "property889",
    "type" : "owl:objectProperty"
  }, {
    "id" : "property893",
    "type" : "owl:objectProperty"
  }, {
    "id" : "property972",
    "type" : "owl:datatypeProperty"
  }, {
    "id" : "property964",
    "type" : "owl:datatypeProperty"
  }, {
    "id" : "property950",
    "type" : "owl:datatypeProperty"
  }, {
    "id" : "property901",
    "type" : "owl:objectProperty"
  }, {
    "id" : "property917",
    "type" : "owl:objectProperty"
  }, {
    "id" : "property905",
    "type" : "owl:objectProperty"
  }, {
    "id" : "property948",
    "type" : "owl:objectProperty"
  }, {
    "id" : "property890",
    "type" : "owl:objectProperty"
  }, {
    "id" : "property862",
    "type" : "owl:disjointWith"
  }, {
    "id" : "property861",
    "type" : "owl:disjointWith"
  }, {
    "id" : "property965",
    "type" : "owl:datatypeProperty"
  }, {
    "id" : "property944",
    "type" : "owl:objectProperty"
  }, {
    "id" : "property854",
    "type" : "owl:disjointWith"
  }, {
    "id" : "property855",
    "type" : "rdfs:SubClassOf"
  }, {
    "id" : "property951",
    "type" : "owl:datatypeProperty"
  }, {
    "id" : "property956",
    "type" : "owl:datatypeProperty"
  }, {
    "id" : "property853",
    "type" : "owl:disjointWith"
  }, {
    "id" : "property859",
    "type" : "owl:disjointWith"
  }, {
    "id" : "property856",
    "type" : "rdfs:SubClassOf"
  }, {
    "id" : "property857",
    "type" : "owl:disjointWith"
  }, {
    "id" : "property850",
    "type" : "owl:disjointWith"
  }, {
    "id" : "property962",
    "type" : "owl:datatypeProperty"
  }, {
    "id" : "property969",
    "type" : "owl:datatypeProperty"
  }, {
    "id" : "property849",
    "type" : "owl:disjointWith"
  }, {
    "id" : "property906",
    "type" : "owl:objectProperty"
  }, {
    "id" : "property909",
    "type" : "owl:objectProperty"
  }, {
    "id" : "property841",
    "type" : "owl:disjointWith"
  }, {
    "id" : "property842",
    "type" : "owl:disjointWith"
  }, {
    "id" : "property843",
    "type" : "owl:disjointWith"
  }, {
    "id" : "property915",
    "type" : "owl:objectProperty"
  }, {
    "id" : "property949",
    "type" : "owl:datatypeProperty"
  }, {
    "id" : "property844",
    "type" : "owl:disjointWith"
  }, {
    "id" : "property845",
    "type" : "owl:disjointWith"
  }, {
    "id" : "property846",
    "type" : "owl:disjointWith"
  }, {
    "id" : "property898",
    "type" : "owl:objectProperty"
  }, {
    "id" : "property848",
    "type" : "owl:disjointWith"
  }, {
    "id" : "property954",
    "type" : "owl:datatypeProperty"
  }, {
    "id" : "property874",
    "type" : "owl:disjointWith"
  }, {
    "id" : "property923",
    "type" : "owl:objectProperty"
  }, {
    "id" : "property876",
    "type" : "owl:disjointWith"
  }, {
    "id" : "property911",
    "type" : "owl:objectProperty"
  }, {
    "id" : "property925",
    "type" : "owl:objectProperty"
  }, {
    "id" : "property953",
    "type" : "owl:datatypeProperty"
  }, {
    "id" : "property934",
    "type" : "owl:objectProperty"
  }, {
    "id" : "property891",
    "type" : "owl:objectProperty"
  }, {
    "id" : "property881",
    "type" : "rdfs:SubClassOf"
  }, {
    "id" : "property966",
    "type" : "owl:datatypeProperty"
  }, {
    "id" : "property899",
    "type" : "owl:objectProperty"
  }, {
    "id" : "property882",
    "type" : "rdfs:SubClassOf"
  }, {
    "id" : "property926",
    "type" : "owl:objectProperty"
  }, {
    "id" : "property869",
    "type" : "owl:disjointWith"
  }, {
    "id" : "property920",
    "type" : "owl:objectProperty"
  }, {
    "id" : "property896",
    "type" : "owl:objectProperty"
  }, {
    "id" : "property867",
    "type" : "rdfs:SubClassOf"
  }, {
    "id" : "property866",
    "type" : "owl:disjointWith"
  }, {
    "id" : "property943",
    "type" : "owl:objectProperty"
  }, {
    "id" : "property865",
    "type" : "owl:disjointWith"
  }, {
    "id" : "property959",
    "type" : "owl:datatypeProperty"
  }, {
    "id" : "property922",
    "type" : "owl:objectProperty"
  }, {
    "id" : "property960",
    "type" : "owl:datatypeProperty"
  }, {
    "id" : "property946",
    "type" : "owl:objectProperty"
  }, {
    "id" : "property945",
    "type" : "owl:objectProperty"
  }, {
    "id" : "property967",
    "type" : "owl:datatypeProperty"
  }, {
    "id" : "property928",
    "type" : "owl:objectProperty"
  }, {
    "id" : "property900",
    "type" : "owl:objectProperty"
  }, {
    "id" : "property942",
    "type" : "owl:objectProperty"
  }, {
    "id" : "property892",
    "type" : "owl:objectProperty"
  }, {
    "id" : "property970",
    "type" : "owl:datatypeProperty"
  }, {
    "id" : "property961",
    "type" : "owl:datatypeProperty"
  }, {
    "id" : "property924",
    "type" : "owl:objectProperty"
  }, {
    "id" : "property888",
    "type" : "owl:objectProperty"
  }, {
    "id" : "property916",
    "type" : "owl:objectProperty"
  }, {
    "id" : "property907",
    "type" : "owl:objectProperty"
  }, {
    "id" : "property904",
    "type" : "owl:objectProperty"
  }, {
    "id" : "property929",
    "type" : "owl:objectProperty"
  }, {
    "id" : "property935",
    "type" : "owl:objectProperty"
  }, {
    "id" : "property933",
    "type" : "owl:objectProperty"
  }, {
    "id" : "property931",
    "type" : "owl:objectProperty"
  }, {
    "id" : "property957",
    "type" : "owl:datatypeProperty"
  }, {
    "id" : "property913",
    "type" : "owl:objectProperty"
  }, {
    "id" : "property930",
    "type" : "owl:objectProperty"
  }, {
    "id" : "property921",
    "type" : "owl:objectProperty"
  }, {
    "id" : "property968",
    "type" : "owl:datatypeProperty"
  }, {
    "id" : "property894",
    "type" : "owl:objectProperty"
  }, {
    "id" : "property941",
    "type" : "owl:objectProperty"
  }, {
    "id" : "property963",
    "type" : "owl:datatypeProperty"
  }, {
    "id" : "property912",
    "type" : "owl:objectProperty"
  }, {
    "id" : "property938",
    "type" : "owl:objectProperty"
  }, {
    "id" : "property940",
    "type" : "owl:objectProperty"
  }, {
    "id" : "property947",
    "type" : "owl:objectProperty"
  }, {
    "id" : "property902",
    "type" : "owl:objectProperty"
  }, {
    "id" : "property919",
    "type" : "owl:objectProperty"
  }, {
    "id" : "property897",
    "type" : "owl:objectProperty"
  }, {
    "id" : "property932",
    "type" : "owl:objectProperty"
  } ],
  "propertyAttribute" : [ {
    "id" : "property840",
    "label" : {
      "IRI-based" : "Disjoint With"
    },
    "domain" : "class183",
    "range" : "class184"
  }, {
    "id" : "property910",
    "label" : {
      "IRI-based" : "links_to",
      "en" : "links to"
    },
    "iri" : "http://rdfs.org/sioc/ns#links_to",
    "comment" : {
      "en" : "Links extracted from hyperlinks within a SIOC concept, e.g. Post or Site."
    },
    "isDefinedBy" : "http://rdfs.org/sioc/ns#",
    "domain" : "thing21",
    "range" : "thing21",
    "superproperty" : [ "property891" ]
  }, {
    "id" : "property936",
    "label" : {
      "IRI-based" : "has_member",
      "en" : "has member"
    },
    "iri" : "http://rdfs.org/sioc/ns#has_member",
    "comment" : {
      "en" : "A UserAccount that is a member of this Usergroup."
    },
    "isDefinedBy" : "http://rdfs.org/sioc/ns#",
    "domain" : "class181",
    "range" : "class184",
    "inverse" : "property930"
  }, {
    "id" : "property918",
    "label" : {
      "IRI-based" : "next_version",
      "en" : "next version"
    },
    "iri" : "http://rdfs.org/sioc/ns#next_version",
    "comment" : {
      "en" : "Links to the next revision of this Item or Post."
    },
    "isDefinedBy" : "http://rdfs.org/sioc/ns#",
    "domain" : "class179",
    "range" : "class179",
    "inverse" : "property921",
    "superproperty" : [ "property934" ]
  }, {
    "id" : "property939",
    "label" : {
      "IRI-based" : "scope_of",
      "en" : "scope of"
    },
    "iri" : "http://rdfs.org/sioc/ns#scope_of",
    "comment" : {
      "en" : "A Role that has a scope of this resource."
    },
    "isDefinedBy" : "http://rdfs.org/sioc/ns#",
    "domain" : "thing23",
    "range" : "class183",
    "inverse" : "property902"
  }, {
    "id" : "property914",
    "label" : {
      "IRI-based" : "administrator_of",
      "en" : "administrator of"
    },
    "iri" : "http://rdfs.org/sioc/ns#administrator_of",
    "comment" : {
      "en" : "A Site that the UserAccount is an administrator of."
    },
    "isDefinedBy" : "http://rdfs.org/sioc/ns#",
    "domain" : "class184",
    "range" : "class170",
    "inverse" : "property944"
  }, {
    "id" : "property973",
    "label" : {
      "IRI-based" : "num_threads",
      "en" : "num threads"
    },
    "iri" : "http://rdfs.org/sioc/ns#num_threads",
    "comment" : {
      "en" : "The number of Threads (AKA discussion topics) in a Forum."
    },
    "isDefinedBy" : "http://rdfs.org/sioc/ns#",
    "domain" : "class180",
    "range" : "datatype137"
  }, {
    "id" : "property958",
    "label" : {
      "IRI-based" : "date"
    },
    "iri" : "http://purl.org/dc/terms/date",
    "attributes" : [ "external" ],
    "domain" : "thing21",
    "range" : "literal122",
    "subproperty" : [ "property950", "property956", "property971" ]
  }, {
    "id" : "property927",
    "label" : {
      "IRI-based" : "has_owner",
      "en" : "has owner"
    },
    "iri" : "http://rdfs.org/sioc/ns#has_owner",
    "comment" : {
      "en" : "A UserAccount that this resource is owned by."
    },
    "isDefinedBy" : "http://rdfs.org/sioc/ns#",
    "domain" : "thing24",
    "range" : "class184",
    "inverse" : "property931"
  }, {
    "id" : "property903",
    "label" : {
      "IRI-based" : "reference",
      "en" : "reference"
    },
    "iri" : "http://rdfs.org/sioc/ns#reference",
    "comment" : {
      "en" : "Links either created explicitly or extracted implicitly on the HTML level from the Post."
    },
    "isDefinedBy" : "http://rdfs.org/sioc/ns#",
    "owlVersion" : "\"Renamed to sioc:links_to.\"",
    "attributes" : [ "deprecated" ],
    "domain" : "class178",
    "range" : "thing25"
  }, {
    "id" : "property895",
    "label" : {
      "IRI-based" : "link",
      "en" : "link"
    },
    "iri" : "http://rdfs.org/sioc/ns#link",
    "comment" : {
      "en" : "A URI of a document which contains this SIOC object."
    },
    "isDefinedBy" : "http://rdfs.org/sioc/ns#",
    "domain" : "thing21",
    "range" : "thing21"
  }, {
    "id" : "property838",
    "label" : {
      "IRI-based" : "Subclass Of"
    },
    "domain" : "class184",
    "range" : "class174"
  }, {
    "id" : "property971",
    "label" : {
      "IRI-based" : "last_reply_date",
      "en" : "last reply date"
    },
    "iri" : "http://rdfs.org/sioc/ns#last_reply_date",
    "comment" : {
      "en" : "The date and time of the last reply Post or Comment, which could be associated with a starter Item or Post or with a Thread, and expressed in ISO 8601 format."
    },
    "isDefinedBy" : "http://rdfs.org/sioc/ns#",
    "domain" : "thing21",
    "range" : "literal135",
    "superproperty" : [ "property958" ]
  }, {
    "id" : "property839",
    "label" : {
      "IRI-based" : "Disjoint With"
    },
    "domain" : "class182",
    "range" : "class184"
  }, {
    "id" : "property837",
    "label" : {
      "IRI-based" : "Subclass Of"
    },
    "domain" : "class173",
    "range" : "class174"
  }, {
    "id" : "property937",
    "label" : {
      "IRI-based" : "feed",
      "en" : "feed"
    },
    "iri" : "http://rdfs.org/sioc/ns#feed",
    "comment" : {
      "en" : "A feed (e.g. RSS, Atom, etc.) pertaining to this resource (e.g. for a Forum, Site, UserAccount, etc.)."
    },
    "isDefinedBy" : "http://rdfs.org/sioc/ns#",
    "domain" : "thing21",
    "range" : "thing21"
  }, {
    "id" : "property908",
    "label" : {
      "IRI-based" : "has_container",
      "en" : "has container"
    },
    "iri" : "http://rdfs.org/sioc/ns#has_container",
    "comment" : {
      "en" : "The Container to which this Item belongs."
    },
    "isDefinedBy" : "http://rdfs.org/sioc/ns#",
    "domain" : "class179",
    "range" : "class182",
    "inverse" : "property905"
  }, {
    "id" : "property952",
    "label" : {
      "IRI-based" : "description",
      "en" : "description"
    },
    "iri" : "http://rdfs.org/sioc/ns#description",
    "comment" : {
      "en" : "The content of the Post."
    },
    "isDefinedBy" : "http://rdfs.org/sioc/ns#",
    "owlVersion" : "\"This property is deprecated. Use sioc:content or other methods (AtomOwl, content:encoded from RSS 1.0, etc.) instead.\"",
    "attributes" : [ "deprecated" ],
    "domain" : "class178",
    "range" : "literal116"
  }, {
    "id" : "property955",
    "label" : {
      "IRI-based" : "title",
      "en" : "title"
    },
    "iri" : "http://rdfs.org/sioc/ns#title",
    "comment" : {
      "en" : "This is the title (subject line) of the Post. Note that for a Post within a threaded discussion that has no parents, it would detail the topic thread."
    },
    "isDefinedBy" : "http://rdfs.org/sioc/ns#",
    "owlVersion" : "\"This property is deprecated. Use dcterms:title from the Dublin Core ontology instead.\"",
    "attributes" : [ "deprecated" ],
    "domain" : "class178",
    "range" : "literal119"
  }, {
    "id" : "property889",
    "label" : {
      "IRI-based" : "has_host",
      "en" : "has host"
    },
    "iri" : "http://rdfs.org/sioc/ns#has_host",
    "comment" : {
      "en" : "The Site that hosts this Forum."
    },
    "isDefinedBy" : "http://rdfs.org/sioc/ns#",
    "domain" : "class180",
    "range" : "class170",
    "inverse" : "property894"
  }, {
    "id" : "property893",
    "label" : {
      "IRI-based" : "has_usergroup",
      "en" : "has usergroup"
    },
    "iri" : "http://rdfs.org/sioc/ns#has_usergroup",
    "comment" : {
      "en" : "Points to a Usergroup that has certain access to this Space."
    },
    "isDefinedBy" : "http://rdfs.org/sioc/ns#",
    "domain" : "class176",
    "range" : "class181",
    "inverse" : "property911"
  }, {
    "id" : "property972",
    "label" : {
      "IRI-based" : "note",
      "en" : "note"
    },
    "iri" : "http://rdfs.org/sioc/ns#note",
    "comment" : {
      "en" : "A note associated with this resource, for example, if it has been edited by a UserAccount."
    },
    "isDefinedBy" : "http://rdfs.org/sioc/ns#",
    "domain" : "thing21",
    "range" : "literal136"
  }, {
    "id" : "property964",
    "label" : {
      "IRI-based" : "title"
    },
    "iri" : "http://purl.org/dc/terms/title",
    "attributes" : [ "external" ],
    "domain" : "thing21",
    "range" : "literal128"
  }, {
    "id" : "property950",
    "label" : {
      "IRI-based" : "last_activity_date",
      "en" : "last activity date"
    },
    "iri" : "http://rdfs.org/sioc/ns#last_activity_date",
    "comment" : {
      "en" : "The date and time of the last activity associated with a SIOC concept instance, and expressed in ISO 8601 format. This could be due to a reply Post or Comment, a modification to an Item, etc."
    },
    "isDefinedBy" : "http://rdfs.org/sioc/ns#",
    "domain" : "thing21",
    "range" : "literal114",
    "superproperty" : [ "property958" ]
  }, {
    "id" : "property901",
    "label" : {
      "IRI-based" : "embeds_knowledge",
      "en" : "embeds knowledge"
    },
    "iri" : "http://rdfs.org/sioc/ns#embeds_knowledge",
    "comment" : {
      "en" : "This links Items to embedded statements, facts and structured content."
    },
    "isDefinedBy" : "http://rdfs.org/sioc/ns#",
    "domain" : "class179",
    "range" : "class172"
  }, {
    "id" : "property917",
    "label" : {
      "IRI-based" : "latest_version",
      "en" : "latest version"
    },
    "iri" : "http://rdfs.org/sioc/ns#latest_version",
    "comment" : {
      "en" : "Links to the latest revision of this Item or Post."
    },
    "isDefinedBy" : "http://rdfs.org/sioc/ns#",
    "domain" : "class179",
    "range" : "class179"
  }, {
    "id" : "property905",
    "label" : {
      "IRI-based" : "container_of",
      "en" : "container of"
    },
    "iri" : "http://rdfs.org/sioc/ns#container_of",
    "comment" : {
      "en" : "An Item that this Container contains."
    },
    "isDefinedBy" : "http://rdfs.org/sioc/ns#",
    "domain" : "class182",
    "range" : "class179",
    "inverse" : "property908"
  }, {
    "id" : "property948",
    "label" : {
      "IRI-based" : "has_creator",
      "en" : "has creator"
    },
    "iri" : "http://rdfs.org/sioc/ns#has_creator",
    "comment" : {
      "en" : "This is the UserAccount that made this resource."
    },
    "isDefinedBy" : "http://rdfs.org/sioc/ns#",
    "domain" : "thing24",
    "range" : "class184",
    "inverse" : "property924"
  }, {
    "id" : "property890",
    "label" : {
      "IRI-based" : "has_moderator",
      "en" : "has moderator"
    },
    "iri" : "http://rdfs.org/sioc/ns#has_moderator",
    "comment" : {
      "en" : "A UserAccount that is a moderator of this Forum."
    },
    "isDefinedBy" : "http://rdfs.org/sioc/ns#",
    "domain" : "class180",
    "range" : "class184",
    "inverse" : "property915"
  }, {
    "id" : "property862",
    "label" : {
      "IRI-based" : "Disjoint With"
    },
    "domain" : "class182",
    "range" : "class173"
  }, {
    "id" : "property861",
    "label" : {
      "IRI-based" : "Disjoint With"
    },
    "domain" : "class181",
    "range" : "class176"
  }, {
    "id" : "property965",
    "label" : {
      "IRI-based" : "email_sha1",
      "en" : "email sha1"
    },
    "iri" : "http://rdfs.org/sioc/ns#email_sha1",
    "comment" : {
      "en" : "An electronic mail address of the UserAccount, encoded using SHA1."
    },
    "isDefinedBy" : "http://rdfs.org/sioc/ns#",
    "domain" : "class184",
    "range" : "literal129"
  }, {
    "id" : "property944",
    "label" : {
      "IRI-based" : "has_administrator",
      "en" : "has administrator"
    },
    "iri" : "http://rdfs.org/sioc/ns#has_administrator",
    "comment" : {
      "en" : "A UserAccount that is an administrator of this Site."
    },
    "isDefinedBy" : "http://rdfs.org/sioc/ns#",
    "domain" : "class170",
    "range" : "class184",
    "inverse" : "property914"
  }, {
    "id" : "property854",
    "label" : {
      "IRI-based" : "Disjoint With"
    },
    "domain" : "class181",
    "range" : "class183"
  }, {
    "id" : "property855",
    "label" : {
      "IRI-based" : "Subclass Of"
    },
    "domain" : "class178",
    "range" : "class175"
  }, {
    "id" : "property951",
    "label" : {
      "IRI-based" : "num_authors",
      "en" : "num authors"
    },
    "iri" : "http://rdfs.org/sioc/ns#num_authors",
    "comment" : {
      "en" : "The number of unique authors (UserAccounts and unregistered posters) who have contributed to this Item, Thread, Post, etc."
    },
    "isDefinedBy" : "http://rdfs.org/sioc/ns#",
    "domain" : "thing21",
    "range" : "datatype115"
  }, {
    "id" : "property956",
    "label" : {
      "IRI-based" : "last_item_date",
      "en" : "last item date"
    },
    "iri" : "http://rdfs.org/sioc/ns#last_item_date",
    "comment" : {
      "en" : "The date and time of the last Post (or Item) in a Forum (or a Container), in ISO 8601 format."
    },
    "isDefinedBy" : "http://rdfs.org/sioc/ns#",
    "domain" : "class182",
    "range" : "literal120",
    "superproperty" : [ "property958" ]
  }, {
    "id" : "property853",
    "label" : {
      "IRI-based" : "Disjoint With"
    },
    "domain" : "class179",
    "range" : "class183"
  }, {
    "id" : "property859",
    "label" : {
      "IRI-based" : "Disjoint With"
    },
    "domain" : "class179",
    "range" : "class176"
  }, {
    "id" : "property856",
    "label" : {
      "IRI-based" : "Subclass Of"
    },
    "domain" : "class170",
    "range" : "class176"
  }, {
    "id" : "property857",
    "label" : {
      "IRI-based" : "Disjoint With"
    },
    "domain" : "class173",
    "range" : "class176"
  }, {
    "id" : "property850",
    "label" : {
      "IRI-based" : "Disjoint With"
    },
    "domain" : "class176",
    "range" : "class183"
  }, {
    "id" : "property962",
    "label" : {
      "IRI-based" : "subject",
      "en" : "subject"
    },
    "iri" : "http://rdfs.org/sioc/ns#subject",
    "comment" : {
      "en" : "Keyword(s) describing subject of the Post."
    },
    "isDefinedBy" : "http://rdfs.org/sioc/ns#",
    "owlVersion" : "\"This property is deprecated. Use dcterms:subject from the Dublin Core ontology for text keywords and sioc:topic if the subject can be represented by a URI instead.\"",
    "attributes" : [ "deprecated" ],
    "domain" : "class178",
    "range" : "literal126"
  }, {
    "id" : "property969",
    "label" : {
      "IRI-based" : "num_views",
      "en" : "num views"
    },
    "iri" : "http://rdfs.org/sioc/ns#num_views",
    "comment" : {
      "en" : "The number of times this Item, Thread, UserAccount profile, etc. has been viewed."
    },
    "isDefinedBy" : "http://rdfs.org/sioc/ns#",
    "domain" : "thing21",
    "range" : "datatype133"
  }, {
    "id" : "property849",
    "label" : {
      "IRI-based" : "Disjoint With"
    },
    "domain" : "class182",
    "range" : "class183"
  }, {
    "id" : "property906",
    "label" : {
      "IRI-based" : "has_reply",
      "en" : "has reply"
    },
    "iri" : "http://rdfs.org/sioc/ns#has_reply",
    "comment" : {
      "en" : "Points to an Item or Post that is a reply or response to this Item or Post."
    },
    "isDefinedBy" : "http://rdfs.org/sioc/ns#",
    "domain" : "class179",
    "range" : "class179",
    "inverse" : "property947",
    "superproperty" : [ "property938" ]
  }, {
    "id" : "property909",
    "label" : {
      "IRI-based" : "has_space",
      "en" : "has space"
    },
    "iri" : "http://rdfs.org/sioc/ns#has_space",
    "comment" : {
      "en" : "A data Space which this resource is a part of."
    },
    "isDefinedBy" : "http://rdfs.org/sioc/ns#",
    "domain" : "thing26",
    "range" : "class176",
    "inverse" : "property926"
  }, {
    "id" : "property841",
    "label" : {
      "IRI-based" : "Disjoint With"
    },
    "domain" : "class176",
    "range" : "class184"
  }, {
    "id" : "property842",
    "label" : {
      "IRI-based" : "Disjoint With"
    },
    "domain" : "class177",
    "range" : "class184"
  }, {
    "id" : "property843",
    "label" : {
      "IRI-based" : "Disjoint With"
    },
    "domain" : "class179",
    "range" : "class184"
  }, {
    "id" : "property915",
    "label" : {
      "IRI-based" : "moderator_of",
      "en" : "moderator of"
    },
    "iri" : "http://rdfs.org/sioc/ns#moderator_of",
    "comment" : {
      "en" : "A Forum that a UserAccount is a moderator of."
    },
    "isDefinedBy" : "http://rdfs.org/sioc/ns#",
    "domain" : "class184",
    "range" : "class180",
    "inverse" : "property890"
  }, {
    "id" : "property949",
    "label" : {
      "IRI-based" : "modified_at",
      "en" : "modified at"
    },
    "iri" : "http://rdfs.org/sioc/ns#modified_at",
    "comment" : {
      "en" : "When this was modified, in ISO 8601 format."
    },
    "isDefinedBy" : "http://rdfs.org/sioc/ns#",
    "owlVersion" : "\"This property is deprecated. Use dcterms:modified from the Dublin Core ontology instead.\"",
    "attributes" : [ "deprecated" ],
    "domain" : "class178",
    "range" : "literal113"
  }, {
    "id" : "property844",
    "label" : {
      "IRI-based" : "Disjoint With"
    },
    "domain" : "class181",
    "range" : "class184"
  }, {
    "id" : "property845",
    "label" : {
      "IRI-based" : "Disjoint With"
    },
    "domain" : "class183",
    "range" : "class177"
  }, {
    "id" : "property846",
    "label" : {
      "IRI-based" : "Disjoint With"
    },
    "domain" : "class179",
    "range" : "class177"
  }, {
    "id" : "property898",
    "label" : {
      "IRI-based" : "email",
      "en" : "email"
    },
    "iri" : "http://rdfs.org/sioc/ns#email",
    "comment" : {
      "en" : "An electronic mail address of the UserAccount."
    },
    "isDefinedBy" : "http://rdfs.org/sioc/ns#",
    "domain" : "class184",
    "range" : "thing24"
  }, {
    "id" : "property848",
    "label" : {
      "IRI-based" : "Disjoint With"
    },
    "domain" : "class173",
    "range" : "class183"
  }, {
    "id" : "property954",
    "label" : {
      "IRI-based" : "ip_address",
      "en" : "ip address"
    },
    "iri" : "http://rdfs.org/sioc/ns#ip_address",
    "comment" : {
      "en" : "The IP address used when creating this Item. This can be associated with a creator. Some wiki articles list the IP addresses for the creator or modifiers when the usernames are absent."
    },
    "isDefinedBy" : "http://rdfs.org/sioc/ns#",
    "domain" : "class179",
    "range" : "literal118"
  }, {
    "id" : "property874",
    "label" : {
      "IRI-based" : "Disjoint With"
    },
    "domain" : "class181",
    "range" : "class179"
  }, {
    "id" : "property923",
    "label" : {
      "IRI-based" : "depiction"
    },
    "iri" : "http://xmlns.com/foaf/0.1/depiction",
    "attributes" : [ "external" ],
    "domain" : "thing21",
    "range" : "thing21",
    "subproperty" : [ "property900" ]
  }, {
    "id" : "property876",
    "label" : {
      "IRI-based" : "Disjoint With"
    },
    "domain" : "class182",
    "range" : "class181"
  }, {
    "id" : "property911",
    "label" : {
      "IRI-based" : "usergroup_of",
      "en" : "usergroup of"
    },
    "iri" : "http://rdfs.org/sioc/ns#usergroup_of",
    "comment" : {
      "en" : "A Space that the Usergroup has access to."
    },
    "isDefinedBy" : "http://rdfs.org/sioc/ns#",
    "domain" : "class181",
    "range" : "class176",
    "inverse" : "property893"
  }, {
    "id" : "property925",
    "label" : {
      "IRI-based" : "has_part",
      "en" : "has part"
    },
    "iri" : "http://rdfs.org/sioc/ns#has_part",
    "comment" : {
      "en" : "An resource that is a part of this subject."
    },
    "isDefinedBy" : "http://rdfs.org/sioc/ns#",
    "owlVersion" : "\"This property is deprecated. Use dcterms:hasPart from the Dublin Core ontology instead.\"",
    "attributes" : [ "deprecated" ],
    "domain" : "thing21",
    "range" : "thing21",
    "inverse" : "property935"
  }, {
    "id" : "property953",
    "label" : {
      "IRI-based" : "last_name",
      "en" : "last name"
    },
    "iri" : "http://rdfs.org/sioc/ns#last_name",
    "comment" : {
      "en" : "Last (real) name of this user. Synonyms include surname or family name."
    },
    "isDefinedBy" : "http://rdfs.org/sioc/ns#",
    "owlVersion" : "\"This property is deprecated. Use foaf:name or foaf:surname from the FOAF vocabulary instead.\"",
    "attributes" : [ "deprecated" ],
    "domain" : "class184",
    "range" : "literal117"
  }, {
    "id" : "property934",
    "label" : {
      "IRI-based" : "later_version",
      "en" : "later version"
    },
    "iri" : "http://rdfs.org/sioc/ns#later_version",
    "comment" : {
      "en" : "Links to a later (newer) revision of this Item or Post."
    },
    "isDefinedBy" : "http://rdfs.org/sioc/ns#",
    "attributes" : [ "transitive" ],
    "domain" : "class179",
    "range" : "class179",
    "inverse" : "property899",
    "subproperty" : [ "property918" ]
  }, {
    "id" : "property891",
    "label" : {
      "IRI-based" : "references"
    },
    "iri" : "http://purl.org/dc/terms/references",
    "attributes" : [ "external" ],
    "domain" : "thing21",
    "range" : "thing21",
    "subproperty" : [ "property910" ]
  }, {
    "id" : "property881",
    "label" : {
      "IRI-based" : "Subclass Of"
    },
    "domain" : "class180",
    "range" : "class182"
  }, {
    "id" : "property966",
    "label" : {
      "IRI-based" : "num_items",
      "en" : "num items"
    },
    "iri" : "http://rdfs.org/sioc/ns#num_items",
    "comment" : {
      "en" : "The number of Posts (or Items) in a Forum (or a Container)."
    },
    "isDefinedBy" : "http://rdfs.org/sioc/ns#",
    "domain" : "class182",
    "range" : "datatype130"
  }, {
    "id" : "property899",
    "label" : {
      "IRI-based" : "earlier_version",
      "en" : "earlier version"
    },
    "iri" : "http://rdfs.org/sioc/ns#earlier_version",
    "comment" : {
      "en" : "Links to a previous (older) revision of this Item or Post."
    },
    "isDefinedBy" : "http://rdfs.org/sioc/ns#",
    "attributes" : [ "transitive" ],
    "domain" : "class179",
    "range" : "class179",
    "inverse" : "property934",
    "subproperty" : [ "property921" ]
  }, {
    "id" : "property882",
    "label" : {
      "IRI-based" : "Subclass Of"
    },
    "domain" : "class169",
    "range" : "class182"
  }, {
    "id" : "property926",
    "label" : {
      "IRI-based" : "space_of",
      "en" : "space of"
    },
    "iri" : "http://rdfs.org/sioc/ns#space_of",
    "comment" : {
      "en" : "A resource which belongs to this data Space."
    },
    "isDefinedBy" : "http://rdfs.org/sioc/ns#",
    "domain" : "class176",
    "range" : "thing26",
    "inverse" : "property909"
  }, {
    "id" : "property869",
    "label" : {
      "IRI-based" : "Disjoint With"
    },
    "domain" : "class182",
    "range" : "class179"
  }, {
    "id" : "property920",
    "label" : {
      "IRI-based" : "addressed_to",
      "en" : "addressed to"
    },
    "iri" : "http://rdfs.org/sioc/ns#addressed_to",
    "comment" : {
      "en" : "Refers to who (e.g. a UserAccount, e-mail address, etc.) a particular Item is addressed to."
    },
    "isDefinedBy" : "http://rdfs.org/sioc/ns#",
    "domain" : "class179",
    "range" : "thing22"
  }, {
    "id" : "property896",
    "label" : {
      "IRI-based" : "about",
      "en" : "about"
    },
    "iri" : "http://rdfs.org/sioc/ns#about",
    "comment" : {
      "en" : "Specifies that this Item is about a particular resource, e.g. a Post describing a book, hotel, etc."
    },
    "isDefinedBy" : "http://rdfs.org/sioc/ns#",
    "domain" : "class179",
    "range" : "thing22"
  }, {
    "id" : "property867",
    "label" : {
      "IRI-based" : "Subclass Of"
    },
    "domain" : "class178",
    "range" : "class179"
  }, {
    "id" : "property866",
    "label" : {
      "IRI-based" : "Disjoint With"
    },
    "domain" : "class181",
    "range" : "class173"
  }, {
    "id" : "property943",
    "label" : {
      "IRI-based" : "has_modifier",
      "en" : "has modifier"
    },
    "iri" : "http://rdfs.org/sioc/ns#has_modifier",
    "comment" : {
      "en" : "A UserAccount that modified this Item."
    },
    "isDefinedBy" : "http://rdfs.org/sioc/ns#",
    "domain" : "class179",
    "range" : "class184",
    "inverse" : "property946"
  }, {
    "id" : "property865",
    "label" : {
      "IRI-based" : "Disjoint With"
    },
    "domain" : "class179",
    "range" : "class173"
  }, {
    "id" : "property959",
    "label" : {
      "IRI-based" : "id",
      "en" : "id"
    },
    "iri" : "http://rdfs.org/sioc/ns#id",
    "comment" : {
      "en" : "An identifier of a SIOC concept instance. For example, a user ID. Must be unique for instances of each type of SIOC concept within the same site."
    },
    "isDefinedBy" : "http://rdfs.org/sioc/ns#",
    "domain" : "thing21",
    "range" : "literal123"
  }, {
    "id" : "property922",
    "label" : {
      "IRI-based" : "topic",
      "en" : "topic"
    },
    "iri" : "http://rdfs.org/sioc/ns#topic",
    "comment" : {
      "en" : "A topic of interest, linking to the appropriate URI, e.g. in the Open Directory Project or of a SKOS category."
    },
    "isDefinedBy" : "http://rdfs.org/sioc/ns#",
    "domain" : "thing21",
    "range" : "thing21",
    "superproperty" : [ "property929" ]
  }, {
    "id" : "property960",
    "label" : {
      "IRI-based" : "description"
    },
    "iri" : "http://purl.org/dc/terms/description",
    "attributes" : [ "external" ],
    "domain" : "thing21",
    "range" : "literal124"
  }, {
    "id" : "property946",
    "label" : {
      "IRI-based" : "modifier_of",
      "en" : "modifier of"
    },
    "iri" : "http://rdfs.org/sioc/ns#modifier_of",
    "comment" : {
      "en" : "An Item that this UserAccount has modified."
    },
    "isDefinedBy" : "http://rdfs.org/sioc/ns#",
    "domain" : "class184",
    "range" : "class179",
    "inverse" : "property943"
  }, {
    "id" : "property945",
    "label" : {
      "IRI-based" : "follows",
      "en" : "follows"
    },
    "iri" : "http://rdfs.org/sioc/ns#follows",
    "comment" : {
      "en" : "Indicates that one UserAccount follows another UserAccount (e.g. for microblog posts or other content item updates)."
    },
    "isDefinedBy" : "http://rdfs.org/sioc/ns#",
    "domain" : "class184",
    "range" : "class184"
  }, {
    "id" : "property967",
    "label" : {
      "IRI-based" : "num_replies",
      "en" : "num replies"
    },
    "iri" : "http://rdfs.org/sioc/ns#num_replies",
    "comment" : {
      "en" : "The number of replies that this Item, Thread, Post, etc. has. Useful for when the reply structure is absent."
    },
    "isDefinedBy" : "http://rdfs.org/sioc/ns#",
    "domain" : "thing21",
    "range" : "datatype131"
  }, {
    "id" : "property928",
    "label" : {
      "IRI-based" : "subscriber_of",
      "en" : "subscriber of"
    },
    "iri" : "http://rdfs.org/sioc/ns#subscriber_of",
    "comment" : {
      "en" : "A Container that a UserAccount is subscribed to."
    },
    "isDefinedBy" : "http://rdfs.org/sioc/ns#",
    "annotations" : {
      "seeAlso" : [ {
        "identifier" : "seeAlso",
        "language" : "undefined",
        "value" : "http://rdfs.org/sioc/ns#feed",
        "type" : "iri"
      } ]
    },
    "domain" : "class184",
    "range" : "class182",
    "inverse" : "property941"
  }, {
    "id" : "property900",
    "label" : {
      "IRI-based" : "avatar",
      "en" : "avatar"
    },
    "iri" : "http://rdfs.org/sioc/ns#avatar",
    "comment" : {
      "en" : "An image or depiction used to represent this UserAccount."
    },
    "isDefinedBy" : "http://rdfs.org/sioc/ns#",
    "domain" : "class184",
    "range" : "thing24",
    "superproperty" : [ "property923" ]
  }, {
    "id" : "property942",
    "label" : {
      "IRI-based" : "group_of",
      "en" : "group of"
    },
    "iri" : "http://rdfs.org/sioc/ns#group_of",
    "owlVersion" : "\"This property has been renamed. Use sioc:usergroup_of instead.\"",
    "attributes" : [ "deprecated" ],
    "domain" : "thing21",
    "range" : "thing21",
    "inverse" : "property907"
  }, {
    "id" : "property892",
    "label" : {
      "IRI-based" : "attachment",
      "en" : "attachment"
    },
    "iri" : "http://rdfs.org/sioc/ns#attachment",
    "comment" : {
      "en" : "The URI of a file attached to an Item."
    },
    "isDefinedBy" : "http://rdfs.org/sioc/ns#",
    "domain" : "class179",
    "range" : "thing22"
  }, {
    "id" : "property970",
    "label" : {
      "IRI-based" : "first_name",
      "en" : "first name"
    },
    "iri" : "http://rdfs.org/sioc/ns#first_name",
    "comment" : {
      "en" : "First (real) name of this User. Synonyms include given name or christian name."
    },
    "isDefinedBy" : "http://rdfs.org/sioc/ns#",
    "owlVersion" : "\"This property is deprecated. Use foaf:name or foaf:firstName from the FOAF vocabulary instead.\"",
    "attributes" : [ "deprecated" ],
    "domain" : "class184",
    "range" : "literal134"
  }, {
    "id" : "property961",
    "label" : {
      "IRI-based" : "created_at",
      "en" : "created at"
    },
    "iri" : "http://rdfs.org/sioc/ns#created_at",
    "comment" : {
      "en" : "When this was created, in ISO 8601 format."
    },
    "isDefinedBy" : "http://rdfs.org/sioc/ns#",
    "owlVersion" : "\"This property is deprecated. Use dcterms:created from the Dublin Core ontology instead.\"",
    "attributes" : [ "deprecated" ],
    "domain" : "class178",
    "range" : "literal125"
  }, {
    "id" : "property924",
    "label" : {
      "IRI-based" : "creator_of",
      "en" : "creator of"
    },
    "iri" : "http://rdfs.org/sioc/ns#creator_of",
    "comment" : {
      "en" : "A resource that the UserAccount is a creator of."
    },
    "isDefinedBy" : "http://rdfs.org/sioc/ns#",
    "domain" : "class184",
    "range" : "thing24",
    "inverse" : "property948"
  }, {
    "id" : "property888",
    "label" : {
      "IRI-based" : "next_by_date",
      "en" : "next by date"
    },
    "iri" : "http://rdfs.org/sioc/ns#next_by_date",
    "comment" : {
      "en" : "Next Item or Post in a given Container sorted by date."
    },
    "isDefinedBy" : "http://rdfs.org/sioc/ns#",
    "domain" : "class179",
    "range" : "class179",
    "inverse" : "property912"
  }, {
    "id" : "property916",
    "label" : {
      "IRI-based" : "parent_of",
      "en" : "parent of"
    },
    "iri" : "http://rdfs.org/sioc/ns#parent_of",
    "comment" : {
      "en" : "A child Container or Forum that this Container or Forum is a parent of."
    },
    "isDefinedBy" : "http://rdfs.org/sioc/ns#",
    "domain" : "class182",
    "range" : "class182",
    "inverse" : "property904"
  }, {
    "id" : "property907",
    "label" : {
      "IRI-based" : "has_group",
      "en" : "has group"
    },
    "iri" : "http://rdfs.org/sioc/ns#has_group",
    "owlVersion" : "\"This property has been renamed. Use sioc:has_usergroup instead.\"",
    "attributes" : [ "deprecated" ],
    "domain" : "thing21",
    "range" : "thing21",
    "inverse" : "property942"
  }, {
    "id" : "property904",
    "label" : {
      "IRI-based" : "has_parent",
      "en" : "has parent"
    },
    "iri" : "http://rdfs.org/sioc/ns#has_parent",
    "comment" : {
      "en" : "A Container or Forum that this Container or Forum is a child of."
    },
    "isDefinedBy" : "http://rdfs.org/sioc/ns#",
    "domain" : "class182",
    "range" : "class182",
    "inverse" : "property916"
  }, {
    "id" : "property929",
    "label" : {
      "IRI-based" : "subject"
    },
    "iri" : "http://purl.org/dc/terms/subject",
    "attributes" : [ "external" ],
    "domain" : "thing21",
    "range" : "thing21",
    "subproperty" : [ "property922" ]
  }, {
    "id" : "property935",
    "label" : {
      "IRI-based" : "part_of",
      "en" : "part of"
    },
    "iri" : "http://rdfs.org/sioc/ns#part_of",
    "comment" : {
      "en" : "A resource that the subject is a part of."
    },
    "isDefinedBy" : "http://rdfs.org/sioc/ns#",
    "owlVersion" : "\"This property is deprecated. Use dcterms:isPartOf from the Dublin Core ontology instead.\"",
    "attributes" : [ "deprecated" ],
    "domain" : "thing21",
    "range" : "thing21",
    "inverse" : "property925"
  }, {
    "id" : "property933",
    "label" : {
      "IRI-based" : "account_of",
      "en" : "account of"
    },
    "iri" : "http://rdfs.org/sioc/ns#account_of",
    "comment" : {
      "en" : "Refers to the foaf:Agent or foaf:Person who owns this sioc:UserAccount."
    },
    "isDefinedBy" : "http://rdfs.org/sioc/ns#",
    "domain" : "class184",
    "range" : "class171",
    "inverse" : "property940"
  }, {
    "id" : "property931",
    "label" : {
      "IRI-based" : "owner_of",
      "en" : "owner of"
    },
    "iri" : "http://rdfs.org/sioc/ns#owner_of",
    "comment" : {
      "en" : "A resource owned by a particular UserAccount, for example, a weblog or image gallery."
    },
    "isDefinedBy" : "http://rdfs.org/sioc/ns#",
    "domain" : "class184",
    "range" : "thing24",
    "inverse" : "property927"
  }, {
    "id" : "property957",
    "label" : {
      "IRI-based" : "content",
      "en" : "content"
    },
    "iri" : "http://rdfs.org/sioc/ns#content",
    "comment" : {
      "en" : "The content of the Item in plain text format."
    },
    "isDefinedBy" : "http://rdfs.org/sioc/ns#",
    "domain" : "class179",
    "range" : "literal121"
  }, {
    "id" : "property913",
    "label" : {
      "IRI-based" : "has_discussion",
      "en" : "has discussion"
    },
    "iri" : "http://rdfs.org/sioc/ns#has_discussion",
    "comment" : {
      "en" : "The discussion that is related to this Item."
    },
    "isDefinedBy" : "http://rdfs.org/sioc/ns#",
    "domain" : "class179",
    "range" : "thing22"
  }, {
    "id" : "property930",
    "label" : {
      "IRI-based" : "member_of",
      "en" : "member of"
    },
    "iri" : "http://rdfs.org/sioc/ns#member_of",
    "comment" : {
      "en" : "A Usergroup that this UserAccount is a member of."
    },
    "isDefinedBy" : "http://rdfs.org/sioc/ns#",
    "domain" : "class184",
    "range" : "class181",
    "inverse" : "property936"
  }, {
    "id" : "property921",
    "label" : {
      "IRI-based" : "previous_version",
      "en" : "previous version"
    },
    "iri" : "http://rdfs.org/sioc/ns#previous_version",
    "comment" : {
      "en" : "Links to the previous revision of this Item or Post."
    },
    "isDefinedBy" : "http://rdfs.org/sioc/ns#",
    "domain" : "class179",
    "range" : "class179",
    "inverse" : "property918",
    "superproperty" : [ "property899" ]
  }, {
    "id" : "property968",
    "label" : {
      "IRI-based" : "name",
      "en" : "name"
    },
    "iri" : "http://rdfs.org/sioc/ns#name",
    "comment" : {
      "en" : "The name of a SIOC concept instance, e.g. a username for a UserAccount, group name for a Usergroup, etc."
    },
    "isDefinedBy" : "http://rdfs.org/sioc/ns#",
    "domain" : "thing21",
    "range" : "literal132"
  }, {
    "id" : "property894",
    "label" : {
      "IRI-based" : "host_of",
      "en" : "host of"
    },
    "iri" : "http://rdfs.org/sioc/ns#host_of",
    "comment" : {
      "en" : "A Forum that is hosted on this Site."
    },
    "isDefinedBy" : "http://rdfs.org/sioc/ns#",
    "domain" : "class170",
    "range" : "class180",
    "inverse" : "property889"
  }, {
    "id" : "property941",
    "label" : {
      "IRI-based" : "has_subscriber",
      "en" : "has subscriber"
    },
    "iri" : "http://rdfs.org/sioc/ns#has_subscriber",
    "comment" : {
      "en" : "A UserAccount that is subscribed to this Container."
    },
    "isDefinedBy" : "http://rdfs.org/sioc/ns#",
    "annotations" : {
      "seeAlso" : [ {
        "identifier" : "seeAlso",
        "language" : "undefined",
        "value" : "http://rdfs.org/sioc/ns#feed",
        "type" : "iri"
      } ]
    },
    "domain" : "class182",
    "range" : "class184",
    "inverse" : "property928"
  }, {
    "id" : "property963",
    "label" : {
      "IRI-based" : "content_encoded",
      "en" : "content encoded"
    },
    "iri" : "http://rdfs.org/sioc/ns#content_encoded",
    "comment" : {
      "en" : "The encoded content of the Post, contained in CDATA areas."
    },
    "isDefinedBy" : "http://rdfs.org/sioc/ns#",
    "owlVersion" : "\"This property is deprecated. Use content:encoded from the RSS 1.0 content module instead.\"",
    "attributes" : [ "deprecated" ],
    "domain" : "class178",
    "range" : "literal127"
  }, {
    "id" : "property912",
    "label" : {
      "IRI-based" : "previous_by_date",
      "en" : "previous by date"
    },
    "iri" : "http://rdfs.org/sioc/ns#previous_by_date",
    "comment" : {
      "en" : "Previous Item or Post in a given Container sorted by date."
    },
    "isDefinedBy" : "http://rdfs.org/sioc/ns#",
    "domain" : "class179",
    "range" : "class179",
    "inverse" : "property888"
  }, {
    "id" : "property938",
    "label" : {
      "IRI-based" : "related_to",
      "en" : "related to"
    },
    "iri" : "http://rdfs.org/sioc/ns#related_to",
    "comment" : {
      "en" : "Related Posts for this Post, perhaps determined implicitly from topics or references."
    },
    "isDefinedBy" : "http://rdfs.org/sioc/ns#",
    "domain" : "thing21",
    "range" : "thing21",
    "subproperty" : [ "property906", "property947" ]
  }, {
    "id" : "property940",
    "label" : {
      "IRI-based" : "account"
    },
    "iri" : "http://xmlns.com/foaf/0.1/account",
    "attributes" : [ "external" ],
    "domain" : "class171",
    "range" : "class184",
    "inverse" : "property933"
  }, {
    "id" : "property947",
    "label" : {
      "IRI-based" : "reply_of",
      "en" : "reply of"
    },
    "iri" : "http://rdfs.org/sioc/ns#reply_of",
    "comment" : {
      "en" : "Links to an Item or Post which this Item or Post is a reply to."
    },
    "isDefinedBy" : "http://rdfs.org/sioc/ns#",
    "domain" : "class179",
    "range" : "class179",
    "inverse" : "property906",
    "superproperty" : [ "property938" ]
  }, {
    "id" : "property902",
    "label" : {
      "IRI-based" : "has_scope",
      "en" : "has scope"
    },
    "iri" : "http://rdfs.org/sioc/ns#has_scope",
    "comment" : {
      "en" : "A resource that this Role applies to."
    },
    "isDefinedBy" : "http://rdfs.org/sioc/ns#",
    "domain" : "class183",
    "range" : "thing23",
    "inverse" : "property939"
  }, {
    "id" : "property919",
    "label" : {
      "IRI-based" : "function_of",
      "en" : "function of"
    },
    "iri" : "http://rdfs.org/sioc/ns#function_of",
    "comment" : {
      "en" : "A UserAccount that has this Role."
    },
    "isDefinedBy" : "http://rdfs.org/sioc/ns#",
    "domain" : "class183",
    "range" : "thing23",
    "inverse" : "property897"
  }, {
    "id" : "property897",
    "label" : {
      "IRI-based" : "has_function",
      "en" : "has function"
    },
    "iri" : "http://rdfs.org/sioc/ns#has_function",
    "comment" : {
      "en" : "A Role that this UserAccount has."
    },
    "isDefinedBy" : "http://rdfs.org/sioc/ns#",
    "domain" : "thing23",
    "range" : "class183",
    "inverse" : "property919"
  }, {
    "id" : "property932",
    "label" : {
      "IRI-based" : "sibling",
      "en" : "sibling"
    },
    "iri" : "http://rdfs.org/sioc/ns#sibling",
    "comment" : {
      "en" : "An Item may have a sibling or a twin that exists in a different Container, but the siblings may differ in some small way (for example, language, category, etc.). The sibling of this Item should be self-describing (that is, it should contain all available information)."
    },
    "isDefinedBy" : "http://rdfs.org/sioc/ns#",
    "attributes" : [ "symmetric" ],
    "domain" : "class179",
    "range" : "class179"
  } ]
}